cluster,gene,p_val,avg_logFC,pct.1,pct.2,p_val_adj
0,GPX3,8.16008020717141e-117,0.353495928526846,0.997,0.977,1.30381761550185e-112
0,FABP1,7.11300077638003e-107,0.397271543200405,0.914,0.697,1.13651526405e-102
0,GSTA1,1.64150941959402e-96,0.39215574821018,0.946,0.821,2.62280375062733e-92
0,APOE,9.18327789217045e-76,0.252488849741847,0.996,0.966,1.46730414161099e-71
0,HPD,2.64263232279597e-74,0.339494374649485,0.882,0.727,4.2223979253634e-70
0,SLC22A8,2.09926384963528e-71,0.334841066940901,0.776,0.575,3.35420377894725e-67
0,PRODH2,1.67914548791868e-62,0.33888464018977,0.785,0.625,2.68293866059646e-58
0,PAH,8.72786221082606e-59,0.30131985826624,0.841,0.676,1.39453782404579e-54
0,GSTA2,6.82736105404027e-58,0.38810723228327,0.835,0.696,1.09087574921456e-53
0,ALB,2.97345508487493e-55,0.360453807299126,0.752,0.588,4.75098653461316e-51
0,MME,5.66826596004664e-53,0.308079377524929,0.763,0.606,9.05675535096252e-49
0,DPEP1,5.37112709295944e-49,0.277902598225481,0.788,0.638,8.5819868691306e-45
0,SLC7A8,7.40247950085564e-42,0.314145022514292,0.637,0.472,1.18276817464671e-37
0,FAM151A,3.44104014613118e-40,0.274692069330102,0.618,0.462,5.4980939454884e-36
0,SLC34A1,4.52518634621846e-25,0.250300111183456,0.51,0.4,7.23034274398785e-21
1,MT-CO3,0,0.725202139567928,1,0.998,0
1,MT-CYB,0,0.720881468598244,0.999,0.99,0
1,MT-ATP6,0,0.712530602509722,0.999,0.993,0
1,MT-CO1,0,0.706265660293165,0.999,0.994,0
1,MT-ND1,0,0.67298797662483,0.999,0.984,0
1,MT-ND4,0,0.665394166901075,0.999,0.988,0
1,MT-CO2,0,0.639380034788442,1,0.99,0
1,MT-ND3,0,0.634261856938696,0.998,0.977,0
1,MT-ND5,0,0.62398804311295,0.993,0.94,0
1,MT-ND2,0,0.604033531616957,0.994,0.969,0
1,MTRNR2L12,3.1325858251991e-282,0.674517500295852,0.974,0.813,5.00524563150313e-278
1,MT-ND4L,4.40666002301677e-211,0.556998496116023,0.97,0.842,7.0409613847762e-207
1,MT-ATP8,8.01141422881561e-127,0.539859275849525,0.799,0.583,1.28006376548016e-122
1,MTRNR2L8,1.48467974620332e-116,0.550055575552065,0.764,0.545,2.37222129848366e-112
1,APOE,4.25607652683814e-100,0.332072880706946,0.994,0.969,6.80035907458198e-96
1,PRAP1,7.62110706518093e-91,0.497810049863763,0.783,0.606,1.21770048687461e-86
1,GSTA2,2.77890814802647e-90,0.449859177465042,0.87,0.696,4.4401394389167e-86
1,UGT2B7,1.99055955192185e-82,0.348861893954077,0.966,0.903,3.18051605206074e-78
1,DPEP1,1.75023408198543e-66,0.39243671902217,0.783,0.651,2.79652401619632e-62
1,MT-ND6,1.35896097183933e-63,0.407298898108089,0.669,0.496,2.17134784080488e-59
1,IGFBP7,4.61417147957428e-60,0.33407074847654,0.826,0.724,7.37252319006378e-56
1,LGMN,3.20539056828993e-47,0.413048833667365,0.567,0.419,5.12157305001365e-43
1,SLC22A8,2.83575053342731e-43,0.316249044885901,0.74,0.601,4.53096220231016e-39
1,FAM151A,1.4392600916689e-32,0.292759057880941,0.603,0.479,2.29964977446858e-28
1,AOC1,4.42604586453467e-32,0.36394065774596,0.5,0.384,7.07193608235349e-28
1,CTSB,4.5231483847991e-32,0.267252057094408,0.751,0.667,7.22708648923199e-28
1,SLC3A2,9.31699803497397e-18,0.25023411544828,0.631,0.58,1.48866994602814e-13
1,SLC34A3,3.91345417089562e-16,0.254568144060281,0.242,0.166,6.25291707425702e-12
1,MALAT1,0.0384873069105408,0.250904982726856,0.138,0.164,1
2,ALDOB,1.50757714605061e-240,0.458046636772797,0.998,0.98,2.40880676395967e-236
2,GATM,1.0567111540432e-182,0.43238367860608,0.998,0.969,1.68841308193022e-178
2,TPT1,1.71188444547878e-159,0.314406676338086,1,0.999,2.73524896698599e-155
2,EEF1A1,1.59946194340516e-147,0.27800488528336,1,1,2.55562029317277e-143
2,PEBP1,1.04779649879367e-143,0.328965497733591,0.997,0.984,1.67416924577252e-139
2,FTL,3.53379290640455e-136,0.295966069532231,1,1,5.64629430585319e-132
2,CYB5A,1.45127978498652e-122,0.301972504029629,0.998,0.972,2.31885484045147e-118
2,C11orf54,6.31117879611921e-117,0.40356803872038,0.957,0.824,1.00840014804393e-112
2,MT1G,1.77384775761541e-116,0.561665042746787,0.989,0.95,2.8342539471179e-112
2,ALDH6A1,7.21964723721817e-105,0.369196217538494,0.949,0.812,1.15355523556272e-100
2,GAPDH,7.07018501426342e-104,0.314011472343025,0.999,0.971,1.12967416157901e-99
2,SUCLG1,6.6649712681384e-101,0.389338562255282,0.968,0.876,1.06492910922315e-96
2,FTH1,1.99524787173554e-100,0.253952436528251,1,0.999,3.18800704945905e-96
2,PEPD,1.36937380029355e-97,0.30048634564854,0.985,0.933,2.18798545810904e-93
2,MT1H,2.2084149974707e-97,0.633360711229435,0.843,0.648,3.52860548295868e-93
2,MT1F,2.05815383111532e-96,0.423184390170508,0.935,0.767,3.28851819135606e-92
2,LAMTOR5,2.40868601213338e-95,0.31563759334061,0.987,0.927,3.84859851018672e-91
2,BBOX1,4.31157825594117e-95,0.360538755232472,0.97,0.851,6.8890397373428e-91
2,CMBL,6.34079057369931e-91,0.326273456338865,0.972,0.866,1.01313151786568e-86
2,UBB,1.92311017462924e-90,0.304210047495455,0.987,0.919,3.0727454370226e-86
2,FAM107B,5.74321080785991e-90,0.403841086973702,0.646,0.344,9.17650222879857e-86
2,ASS1,2.06292511992631e-89,0.325126679214245,0.97,0.888,3.29614175661827e-85
2,HRSP12,1.19670731427766e-88,0.327529745521129,0.932,0.764,1.91209894675284e-84
2,LDHB,6.86748197175006e-85,0.263283464215621,0.994,0.964,1.09728626944622e-80
2,PDZK1,2.02852805223324e-84,0.349285404153832,0.93,0.741,3.24118212185827e-80
2,FTCD,8.01747048218946e-83,0.407127987999901,0.827,0.589,1.28103143364423e-78
2,TXN,2.81282031569215e-82,0.279164920232356,0.985,0.918,4.49432430041292e-78
2,DHRS4L2,4.02099206814247e-79,0.343878100786365,0.909,0.743,6.42474112647804e-75
2,CALM1,1.5611277493195e-78,0.29622651735838,0.972,0.88,2.4943699178627e-74
2,AK4,1.63617653956764e-77,0.326079198348762,0.873,0.679,2.61428287492117e-73
2,MT1E,3.64928037736972e-77,0.394395040754344,0.826,0.581,5.83082018696133e-73
2,SLC25A5,1.48780719758947e-76,0.297311719972321,0.972,0.892,2.37721834030845e-72
2,BHMT,2.91493924817516e-76,0.37042136977182,0.942,0.797,4.65748993073426e-72
2,PCK1,8.61546568852898e-76,0.433794057711327,0.922,0.772,1.37657910771316e-71
2,GLYAT,7.09812207174923e-75,0.323173779072853,0.902,0.725,1.13413794462409e-70
2,ECHS1,2.47946381184005e-73,0.25962289206209,0.986,0.944,3.96168727855803e-69
2,PRDX1,2.65636904688769e-73,0.256918963480061,0.987,0.919,4.24434646311715e-69
2,HAO2,6.24382827517157e-73,0.324186669610344,0.692,0.413,9.97638881806913e-69
2,GLYATL1,1.99961259709367e-72,0.348456944438565,0.825,0.609,3.19498100763626e-68
2,ACAA1,2.00800807392055e-72,0.342055897827892,0.91,0.75,3.20839530051025e-68
2,GLRX,2.98768034421255e-72,0.313993862144981,0.948,0.806,4.77371565398281e-68
2,DPYS,6.61520463565805e-70,0.306220396647559,0.89,0.709,1.05697739668544e-65
2,GADD45A,1.72002861206847e-69,0.370690223903878,0.695,0.433,2.748261716363e-65
2,FABP1,5.29482031244705e-69,0.398314855955582,0.899,0.723,8.4600638952279e-65
2,CRYL1,1.70584026953455e-68,0.286736126110422,0.915,0.76,2.7255915826623e-64
2,ETFB,1.89255120656712e-68,0.274727454960643,0.93,0.783,3.02391831785295e-64
2,BDH2,2.63958665561739e-68,0.293278040857758,0.92,0.754,4.21753155834547e-64
2,AKR1A1,2.77549867585523e-68,0.279608020192115,0.935,0.809,4.43469178428148e-64
2,ATPIF1,5.09125811042701e-68,0.253078100577786,0.971,0.894,8.13481220884027e-64
2,RNF152,2.34124003443228e-67,0.323582055808666,0.587,0.329,3.7408333270159e-63
2,MSRA,7.62548331714745e-66,0.314391777885555,0.886,0.696,1.21839972441382e-61
2,PAH,1.22483173678177e-65,0.344592335029157,0.864,0.685,1.95703614902991e-61
2,DDC,1.83833043610786e-64,0.324290372413597,0.855,0.677,2.93728437081313e-60
2,ATP5B,1.48960728793322e-62,0.2762812820903,0.9,0.711,2.3800945246597e-58
2,SH3YL1,8.68661638400659e-62,0.309428711288755,0.672,0.41,1.38794756583657e-57
2,RBP5,1.82441123282039e-61,0.252609226682552,0.96,0.88,2.91504426780042e-57
2,SOD1,4.01884755602154e-61,0.259719006765676,0.969,0.895,6.42131462501122e-57
2,GRHPR,5.51094751804881e-61,0.291159929558787,0.803,0.556,8.80539194433839e-57
2,PFDN5,6.82299197486137e-61,0.261760667563814,0.954,0.807,1.09017765774335e-56
2,PLIN2,1.24188668648106e-60,0.328227135407715,0.78,0.536,1.98428654765944e-56
2,CAMK2N1,7.14763025268001e-60,0.280909936885181,0.878,0.676,1.14204836177321e-55
2,CAT,2.34799395864332e-59,0.282220037883566,0.86,0.666,3.75162474712029e-55
2,ACADM,4.04851858161217e-59,0.295232819064341,0.807,0.577,6.46872298969992e-55
2,ACMSD,4.39549370592677e-59,0.293295872223849,0.703,0.441,7.02311984332979e-55
2,C9orf66,2.20009681166298e-58,0.27747600877074,0.516,0.28,3.51531468567511e-54
2,MAF,6.8601746146823e-58,0.3338068811385,0.659,0.429,1.09611869993394e-53
2,ADH5,2.0242129455922e-56,0.281703449158462,0.838,0.624,3.23428744446722e-52
2,PCK2,3.29411878512596e-56,0.324497462286636,0.726,0.493,5.26334299487425e-52
2,GPD1,5.89323638192e-56,0.291235530530608,0.751,0.524,9.41621309103178e-52
2,PBLD,3.12639197868539e-55,0.261190446078025,0.885,0.695,4.99534910354351e-51
2,SHMT1,3.20024217434048e-55,0.262120743661769,0.885,0.697,5.11334694616122e-51
2,PPP1R16A,3.36575029140399e-55,0.291962436090326,0.757,0.527,5.37779581560529e-51
2,MT1X,8.42411260964787e-55,0.358458165700682,0.945,0.844,1.34600471276954e-50
2,SORD,6.82068296359945e-54,0.291453524386864,0.672,0.431,1.08980872392392e-49
2,MIOX,8.08419281939877e-54,0.342100069535191,0.959,0.878,1.29169232868354e-49
2,ECI2,1.47504642621537e-53,0.25940552191793,0.874,0.674,2.35682917980692e-49
2,GIPC2,2.77868651531726e-53,0.253368345468494,0.694,0.445,4.43978531417392e-49
2,SAT2,5.43010397845368e-53,0.267251547166908,0.921,0.793,8.67622013677329e-49
2,PCBP2,6.12313949893514e-53,0.266396286840201,0.819,0.613,9.78355229139857e-49
2,PRDX2,1.37545515515614e-52,0.262747024736802,0.91,0.722,2.19770224690849e-48
2,MT2A,2.24412792742405e-52,0.343325256208435,0.893,0.748,3.58566760243815e-48
2,AKR7A3,2.69042568013258e-52,0.258835081264268,0.86,0.65,4.29876215171583e-48
2,RGN,6.98580536520092e-52,0.253327329411586,0.794,0.548,1.1161919812518e-47
2,ALDH2,7.63689918932652e-52,0.261273106380735,0.916,0.773,1.22022375247059e-47
2,ST13,1.28535310880409e-51,0.250691366789591,0.897,0.722,2.05373719724718e-47
2,EAF2,1.37340697010743e-51,0.268473138167344,0.501,0.282,2.19442965683765e-47
2,SIGIRR,1.99100940712348e-51,0.299196458107586,0.802,0.575,3.18123483070189e-47
2,CNDP2,2.16198762792458e-51,0.250386819975101,0.862,0.668,3.45442383189789e-47
2,NQO2,4.53968391415527e-51,0.265469077731171,0.878,0.705,7.2535069580373e-47
2,AGMAT,4.88057006533264e-50,0.26423255821249,0.781,0.561,7.79817485038849e-46
2,CYS1,5.58659913843583e-50,0.252971059517716,0.64,0.393,8.92626810339276e-46
2,ACAA2,1.15472239119112e-49,0.268046383195705,0.869,0.692,1.84501543664517e-45
2,ALB,1.36209868680255e-49,0.396310983398276,0.79,0.593,2.17636128177312e-45
2,ISOC2,1.59202424019872e-49,0.272705170758722,0.767,0.562,2.54373633098952e-45
2,ARL6IP4,2.23397662743602e-49,0.26527166988414,0.839,0.641,3.56944785531727e-45
2,PIPOX,3.47230609123509e-49,0.261023457593278,0.602,0.373,5.54805067257543e-45
2,HADH,6.17405474110164e-49,0.253981864528563,0.772,0.549,9.8649046653322e-45
2,FMO1,3.05805409656757e-48,0.259984029878102,0.717,0.472,4.88615883549567e-44
2,TST,3.49442878722161e-48,0.25626551557894,0.817,0.598,5.58339831622268e-44
2,SLC9A3R1,4.99387218530515e-48,0.263070451721,0.753,0.521,7.97920897768057e-44
2,HMOX1,5.55884197404256e-48,0.25786806190076,0.488,0.273,8.8819177061252e-44
2,NDUFAB1,1.67362962053275e-47,0.25481489669968,0.779,0.571,2.67412540768723e-43
2,ALDH3A2,2.67146439739456e-46,0.268999282331007,0.795,0.61,4.26846581415703e-42
2,LDHA,2.18144089215924e-45,0.278970971617621,0.743,0.521,3.48550625749204e-41
2,AC093326.1,7.52306585444379e-45,0.26204516189251,0.399,0.214,1.20203546222303e-40
2,CA2,2.86818808711022e-44,0.29147726137807,0.817,0.63,4.58279092558472e-40
2,HPD,1.16470580721345e-39,0.256388892587555,0.871,0.745,1.86096693876565e-35
2,TXNIP,4.46230738077596e-34,0.262454200051362,0.603,0.408,7.12987473300384e-30
3,VIM,0,2.06529412222331,0.748,0.182,0
3,TMSB4X,0,1.89528806855337,0.724,0.102,0
3,TMSB10,0,1.86505716158501,0.974,0.628,0
3,S100A6,0,1.71941887435125,0.471,0.039,0
3,S100A11,0,1.64995698042473,0.898,0.364,0
3,GSTP1,0,1.64816641843394,0.936,0.683,0
3,IL32,0,1.56813673545412,0.978,0.634,0
3,AKAP12,0,1.35398960834613,0.49,0.073,0
3,S100A10,0,1.34766908711386,0.892,0.494,0
3,PTMA,0,0.965257197906308,0.97,0.837,0
3,MYL6,0,0.925392740737368,0.987,0.907,0
3,RPL12,0,0.881931044154533,0.986,0.92,0
3,RPL10,0,0.802087515394938,0.993,0.979,0
3,RPS12,0,0.784481050257876,0.992,0.976,0
3,ACTG1,4.1297200540173e-301,1.00869823562457,0.971,0.86,6.59846670230884e-297
3,RPLP1,7.66061807456502e-296,0.661393619499837,0.997,0.993,1.224013555954e-291
3,CRYAB,1.49414593422888e-291,1.36021044813905,0.971,0.809,2.38734637371091e-287
3,RPL3,5.03079274592686e-291,0.702224145884205,0.996,0.979,8.03820064944194e-287
3,RPL15,1.79648486259826e-289,0.734907651680197,0.981,0.956,2.8704235134595e-285
3,PPFIBP1,8.45712517592237e-289,0.874672470938723,0.455,0.069,1.35127946060888e-284
3,RPS18,1.63402155280789e-282,0.718978012587388,0.992,0.977,2.61083963707644e-278
3,RPL13,2.34715890993716e-275,0.652994412695626,0.998,0.991,3.75029050629759e-271
3,RP11-149I23.3,2.87854078129815e-275,0.55490766137642,0.248,0.008,4.59933246035818e-271
3,RPS8,2.58095580118388e-272,0.820627662274333,0.964,0.904,4.1238511791316e-268
3,RPL28,9.88162867570909e-272,0.744476161867048,0.981,0.927,1.5788866298048e-267
3,RPL8,1.24247307526487e-269,0.705330356104893,0.989,0.952,1.98522347965821e-265
3,EEF1A1,2.86063041921654e-269,0.545416233650095,1,1,4.57071528382418e-265
3,TNFRSF12A,2.01786870275493e-268,0.855520700896766,0.527,0.106,3.22415061326183e-264
3,RPS9,1.48708881927234e-267,0.696863493467132,0.989,0.94,2.37607051543334e-263
3,RPS27A,1.34306372435084e-265,0.632555627578772,0.995,0.98,2.14594721876777e-261
3,KRT18,1.69423736680986e-263,1.23986056327813,0.837,0.475,2.7070524646888e-259
3,RPS19,4.13838746989738e-261,0.766556209911835,0.968,0.902,6.61231549940203e-257
3,RPL18A,1.46528596486669e-258,0.769419249818135,0.967,0.907,2.34123391466399e-254
3,RPS23,2.43332823750057e-258,0.636939243117974,0.993,0.983,3.8879718578784e-254
3,RPS24,1.6258733382182e-257,0.739642313819319,0.985,0.949,2.59782041980504e-253
3,RPL7A,7.83243376854012e-255,0.68224746154793,0.988,0.966,1.25146626753734e-250
3,RPL14,2.28648991649771e-252,0.73202143934687,0.982,0.928,3.65335358858004e-248
3,RPS2,1.66779508555716e-251,0.803245230787785,0.969,0.932,2.66480298770323e-247
3,RPL34,5.72980153542945e-251,0.645005234955552,0.989,0.966,9.15507689330918e-247
3,RPL29,2.22136850433901e-246,0.680792103957915,0.986,0.951,3.54930259623286e-242
3,RPL32,9.16572608739319e-245,0.674394581907222,0.987,0.968,1.46449971424368e-240
3,RPS3A,3.87891064996495e-243,0.633845487229881,0.99,0.973,6.197723436514e-239
3,RPL10A,6.68707911277925e-240,0.772026788484325,0.962,0.877,1.06846150063987e-235
3,RPL13A,8.6293910946149e-239,0.638211023927513,0.983,0.955,1.37880410909757e-234
3,RPL11,1.96680126556684e-238,0.616134239039155,0.989,0.961,3.14255506212269e-234
3,EIF1,2.40964048356978e-238,0.646616431146004,0.983,0.943,3.85012356464779e-234
3,CD24,5.60594864021832e-237,1.00398020958464,0.825,0.441,8.95718473734083e-233
3,RPS3,8.03678249735573e-237,0.738112666790105,0.956,0.891,1.2841171074275e-232
3,RPL26,9.58504284157968e-236,0.662665850871738,0.979,0.96,1.5314981452276e-231
3,GNB2L1,5.88735206748709e-234,0.68295362375448,0.976,0.923,9.40681113343087e-230
3,RPL37,6.41009235774948e-232,0.623505232725927,0.986,0.955,1.02420455692121e-227
3,SOD2,7.24840705903721e-230,1.3818842689277,0.808,0.484,1.15815047989297e-225
3,RPL19,5.43593051045947e-229,0.554863451715892,0.996,0.986,8.68552976961214e-225
3,RPS4X,6.29921496976635e-229,0.690832560128732,0.975,0.928,1.00648856786927e-224
3,RPL7,9.24934110275132e-226,0.683152941453041,0.969,0.908,1.47785972139761e-221
3,RPLP0,7.27517788157789e-221,0.766991440857144,0.941,0.842,1.16242792191851e-216
3,ANXA2,5.48523570672485e-220,0.659253129395159,0.307,0.034,8.76430961220497e-216
3,RPLP2,7.9499315533975e-220,0.677032788671248,0.96,0.875,1.27024006360185e-215
3,RPS16,5.79631156504377e-219,0.607173919954856,0.983,0.947,9.26134661862694e-215
3,SOX4,2.58404120604735e-218,0.983838810467039,0.5,0.123,4.12878103902246e-214
3,ANXA4,2.3990066124308e-214,0.981909736878076,0.81,0.466,3.83313276534193e-210
3,RPL5,5.50578713174522e-214,0.65534279588192,0.976,0.922,8.79714667910252e-210
3,RPS14,2.45376773333516e-211,0.546892704470441,0.986,0.972,3.92063008432292e-207
3,RPS13,1.4385861379299e-208,0.612740314303401,0.977,0.938,2.2985729311844e-204
3,RPS7,4.5832988482915e-208,0.564734301760351,0.987,0.966,7.32319489980016e-204
3,RPS6,5.74854415277364e-207,0.584571394906696,0.986,0.971,9.18502384730173e-203
3,TPM1,5.94108699803608e-207,1.15851535124108,0.634,0.236,9.49266880546204e-203
3,TMEM54,5.51706897900186e-204,0.727185766337613,0.43,0.092,8.81517281464917e-200
3,RPL9,6.10648110076296e-202,0.56736059885046,0.978,0.96,9.75693550279905e-198
3,NPM1,5.84569103624088e-201,0.765511581808214,0.925,0.761,9.34024513770568e-197
3,YWHAH,1.3407713368983e-200,0.734510140971351,0.423,0.089,2.14228444209611e-196
3,MYL12B,1.46347217262887e-199,0.71092539236438,0.929,0.796,2.33833583742641e-195
3,RPL6,6.21220320837577e-196,0.583849330281222,0.982,0.947,9.92585828634281e-192
3,KRT8,2.21550276137569e-195,1.02149886090767,0.745,0.387,3.53993031212607e-191
3,RPL18,6.6009960470481e-195,0.619920979851023,0.963,0.89,1.05470714839734e-190
3,TPM4,3.56590427979954e-193,0.643134119261853,0.326,0.05,5.6976018582637e-189
3,MYL12A,1.26371024444549e-192,0.879855891335734,0.819,0.537,2.019156228575e-188
3,RPL35A,8.97172170913517e-191,0.575886930121766,0.971,0.925,1.43350169468562e-186
3,ENO1,8.55720443694609e-190,0.70798724911182,0.934,0.809,1.36727012493525e-185
3,RPL24,2.74062154201559e-189,0.552544036093693,0.971,0.934,4.37896509983252e-185
3,RPS25,1.05133947488023e-188,0.55981148634733,0.973,0.931,1.67983021296363e-184
3,ACTB,6.16861824025959e-188,0.848994922966634,0.916,0.792,9.85621822428677e-184
3,RPL23A,1.65335994293679e-187,0.564101305823364,0.966,0.931,2.6417385168244e-183
3,RPL39,6.23415733773992e-187,0.654272023396071,0.95,0.88,9.96093659424084e-183
3,C12orf75,5.51471762936377e-185,0.822181854193848,0.83,0.531,8.81141582819743e-181
3,RPL35,7.61244679594313e-184,0.628201081487551,0.956,0.874,1.21631674905579e-179
3,CLIC1,1.52233633159497e-183,0.872592958460899,0.795,0.481,2.43238899062245e-179
3,TUBA1A,1.5859460961192e-182,0.851391077108556,0.276,0.035,2.53402467237926e-178
3,DCDC2,8.8298386615438e-182,0.775339429888941,0.406,0.091,1.41083162134147e-177
3,RPS15A,2.19126960359599e-179,0.569141610373411,0.963,0.918,3.50121057262567e-175
3,NACA,2.04560572974873e-176,0.547940708453083,0.974,0.944,3.26846883499253e-172
3,FAU,1.49047073577452e-175,0.56180268470195,0.958,0.9,2.38147414162053e-171
3,RPL41,2.75341860552881e-175,0.482430790130425,0.986,0.975,4.39941224791394e-171
3,RPL21,2.66918392438535e-174,0.519540709046552,0.977,0.961,4.26482207438291e-170
3,TAGLN2,7.48436041279569e-173,0.732779416907739,0.515,0.164,1.19585110675649e-168
3,PPIA,4.688734428989e-172,0.697342716784866,0.888,0.735,7.49165987063863e-168
3,TAX1BP3,7.89748656659168e-170,0.569664434686867,0.357,0.071,1.26186040361002e-165
3,HNRNPA1,1.49684777777423e-169,0.73354463956072,0.865,0.649,2.39166337932766e-165
3,RPL36,1.11853207749679e-168,0.581473094862105,0.961,0.904,1.78719055342437e-164
3,RPS27,8.06048211443847e-163,0.485317000198226,0.978,0.967,1.28790383224498e-158
3,HN1,1.47068806098609e-162,0.71955036147899,0.45,0.128,2.34986538384358e-158
3,S100A13,1.53197201078035e-162,0.785331397041322,0.667,0.304,2.44778487882485e-158
3,HCFC1R1,1.72965871520544e-162,0.792000447153988,0.629,0.271,2.76364869515525e-158
3,PFN1,2.65536901766656e-162,0.733737266012931,0.848,0.625,4.24274861642763e-158
3,CCL2,1.05569303582853e-160,0.569684237775342,0.153,0.006,1.68678633264683e-156
3,CITED4,3.09224752428755e-160,0.676819794160695,0.395,0.097,4.94079309430665e-156
3,H3F3A,3.54897250005232e-160,0.558456825928632,0.949,0.871,5.67054826058359e-156
3,RPL37A,2.78719314953653e-158,0.484119760627724,0.966,0.94,4.45337721432948e-154
3,SQSTM1,3.60899978198919e-158,0.802748859968091,0.805,0.522,5.76645985166233e-154
3,BTF3,1.9681555541319e-157,0.621300699255189,0.901,0.753,3.14471894439195e-153
3,RPS15,4.04200825825451e-156,0.471783087056511,0.972,0.957,6.45832079503905e-152
3,RPSA,4.58964668650879e-156,0.628085204939326,0.907,0.794,7.33333747570375e-152
3,PDLIM1,1.30703875807005e-154,0.57800287017777,0.355,0.078,2.08838652764432e-150
3,SPON2,3.53793417678663e-154,0.380916830553141,0.15,0.006,5.65291122766968e-150
3,RPL22,6.67745339785907e-154,0.531031544959891,0.942,0.901,1.06692350390992e-149
3,UBA52,1.33919178170721e-152,0.557419601297069,0.951,0.868,2.13976062881177e-148
3,ARPC1B,8.18108660686235e-152,0.666383926523733,0.464,0.143,1.30717401804447e-147
3,YBX1,1.0895158299398e-151,0.61909268824711,0.907,0.777,1.74082839307781e-147
3,MACC1,1.18578025370985e-149,0.47727980373787,0.24,0.032,1.89463968937761e-145
3,ELF3,5.51213374071283e-149,0.717414219561763,0.455,0.138,8.80728729091097e-145
3,IFITM3,9.97409778044652e-149,0.656544280413155,0.473,0.149,1.59366134335975e-144
3,RPL23,1.75084220842052e-147,0.565451910256008,0.935,0.864,2.7974956806143e-143
3,RPS5,4.73454324200233e-145,0.568467125721953,0.935,0.862,7.56485319207133e-141
3,MYC,6.29353440586003e-145,0.349324129521642,0.161,0.01,1.00558092736832e-140
3,CDK2AP2,2.81253182155184e-144,0.763846216495042,0.592,0.255,4.49386334447553e-140
3,H3F3B,3.39846558513223e-144,0.718838387026818,0.848,0.628,5.43006831192428e-140
3,RPS28,1.32031054140647e-140,0.407586483080789,0.988,0.976,2.10959218305926e-136
3,CARHSP1,2.03996411402194e-139,0.749485619131683,0.607,0.279,3.25945466138426e-135
3,RPS20,4.15676339836113e-138,0.513407384360369,0.933,0.851,6.64167655790141e-134
3,APBB1IP,1.07298841999222e-136,0.449850657512667,0.235,0.034,1.71442089746357e-132
3,RPL4,1.13771566679345e-134,0.576678034222153,0.895,0.753,1.81784209240257e-130
3,RPS11,3.13044135933222e-134,0.524807974333131,0.929,0.869,5.00181920394102e-130
3,RAN,5.00238502371028e-132,0.714029948945601,0.718,0.429,7.99281079088428e-128
3,CFL1,1.73623687167192e-131,0.603749656536272,0.847,0.676,2.7741592735574e-127
3,CNN3,3.14193959633052e-127,0.657124941933367,0.785,0.526,5.02019108701691e-123
3,UBC,3.99347048534407e-126,0.58193075389728,0.908,0.777,6.38076714148275e-122
3,RPL27,1.47119976852971e-125,0.503114229115386,0.915,0.849,2.35068299015677e-121
3,RARRES3,4.07287642298815e-125,0.81455901599574,0.718,0.431,6.50764194865047e-121
3,CLDN4,5.61532043567428e-124,0.401025416826061,0.172,0.018,8.97215899212037e-120
3,RAC1,5.94205152681488e-123,0.640845196292664,0.79,0.578,9.49420992954481e-119
3,RBPMS,4.06015922929973e-122,0.578682091882241,0.482,0.18,6.48732241657511e-118
3,CDC42EP1,4.46559437424857e-121,0.285319749363875,0.149,0.012,7.13512669117436e-117
3,TNFSF10,7.75688250927935e-121,0.904978478339053,0.67,0.373,1.23939468733265e-116
3,STMN1,1.95780687337926e-120,0.665895642256339,0.544,0.234,3.12818382228538e-116
3,RPL31,2.67162208854531e-120,0.583469568621489,0.874,0.722,4.26871777307769e-116
3,YBX3,6.38472744368302e-120,0.649195933905714,0.523,0.218,1.02015175095167e-115
3,TPT1,3.36207093682709e-119,0.322656098495804,1,0.999,5.37191694286232e-115
3,GBAS,3.2942797104585e-118,0.541005286096625,0.405,0.129,5.26360012137058e-114
3,RPL38,3.93066111878721e-118,0.494038546871568,0.915,0.825,6.28041033559821e-114
3,RPL30,8.13627951528109e-118,0.401537460553098,0.969,0.957,1.30001474095161e-113
3,CCDC146,1.04561336550575e-117,0.665023890926027,0.406,0.134,1.67068103540508e-113
3,AIF1L,6.62254584023205e-117,0.57273638207898,0.476,0.18,1.05815037435228e-112
3,IL18,2.43383262053479e-116,0.411148689825456,0.251,0.049,3.88877776109049e-112
3,IFITM2,5.52894566225817e-116,0.299480666836509,0.156,0.015,8.83414937915611e-112
3,ZFAS1,1.12888595418213e-114,0.649909374877791,0.629,0.329,1.8037339775922e-110
3,HIF1A,1.5810907592119e-114,0.671422067730221,0.499,0.201,2.52626681506877e-110
3,VCAM1,1.51825083160712e-113,0.678203740815799,0.339,0.095,2.42586117874185e-109
3,PLSCR1,2.38720743752133e-113,0.427465444627407,0.285,0.066,3.81428004367159e-109
3,HSPB1,5.23349484886698e-113,0.597280747228787,0.86,0.674,8.36207806951966e-109
3,SUMO2,1.6189524262451e-112,0.581033466395965,0.811,0.6,2.58676218665443e-108
3,IER3,1.91486947209485e-112,0.388185253715203,0.173,0.022,3.05957844251315e-108
3,ANXA5,1.41208980564164e-111,0.652756547756809,0.679,0.388,2.25623709145421e-107
3,PPA1,3.18938606897161e-111,0.617253258407529,0.795,0.572,5.09600106100283e-107
3,ZYX,7.770841841435e-110,0.302135336135352,0.185,0.026,1.24162510942448e-105
3,LINC00152,1.11695509635719e-109,0.267671178140357,0.12,0.007,1.78467085295953e-105
3,AJUBA,2.62999930879083e-108,0.370722677087037,0.257,0.055,4.20221289558598e-104
3,MALT1,6.10883567859504e-108,0.416097077341215,0.276,0.065,9.76069764725915e-104
3,FOSL2,7.95224870714423e-108,0.412295912612322,0.219,0.04,1.2706102984275e-103
3,CDV3,3.59733666323642e-107,0.636964271726877,0.532,0.241,5.74782452051915e-103
3,RPL27A,6.31783879605536e-107,0.489327208403905,0.901,0.814,1.00946428283372e-102
3,CSTB,1.92932718426218e-106,0.576970532558942,0.803,0.593,3.08267897501412e-102
3,DBI,6.23931211261436e-106,0.49345321193141,0.926,0.872,9.96917289353523e-102
3,ANXA11,6.61964613388447e-106,0.557858883292179,0.494,0.204,1.05768705927206e-101
3,BICC1,1.20475084874751e-105,0.611815247203888,0.464,0.181,1.92495090612877e-101
3,ITGB8,6.10473993183479e-105,0.601855864993928,0.404,0.143,9.75415346308563e-101
3,PPP1R14B,8.16605159369468e-104,0.632896785753559,0.6,0.317,1.30477172364054e-99
3,ABHD11,5.11475833551398e-103,0.398260206891921,0.261,0.06,8.17236086848424e-99
3,SLC25A3,8.54575096500192e-103,0.441023111629622,0.924,0.847,1.36544008918801e-98
3,DYNLL1,1.18934758377001e-102,0.583961848099,0.82,0.646,1.90033956934772e-98
3,ACTN1,2.3500671403056e-102,0.362735412990474,0.207,0.037,3.75493727678028e-98
3,TYMP,7.59203026488287e-102,0.496426431542698,0.264,0.063,1.21305459572299e-97
3,MMP7,7.7004429347325e-101,0.336398507342118,0.104,0.005,1.23037677211156e-96
3,EIF4A1,6.99125844247718e-100,0.554494973201879,0.491,0.211,1.117063273939e-95
3,FABP3,9.01131001248207e-100,0.647154564066275,0.602,0.319,1.43982711379438e-95
3,HINT1,1.32046935199031e-99,0.407303598800342,0.945,0.919,2.10984593061012e-95
3,TUBB,1.56077178109321e-99,0.575739984254314,0.478,0.201,2.49380115183073e-95
3,JUND,4.91204086855977e-99,0.665179327717796,0.724,0.476,7.8484588997848e-95
3,TPM3,8.64985702091142e-99,0.585092105932262,0.582,0.285,1.38207415480123e-94
3,SRI,1.86273835592671e-98,0.538087717607147,0.498,0.216,2.97628334509969e-94
3,SERBP1,2.0424467269636e-98,0.557297148202982,0.75,0.504,3.26342138034244e-94
3,HMGN3,2.1641713645457e-98,0.551579229665374,0.806,0.611,3.45791300627113e-94
3,CDC42,4.48598095068645e-98,0.565312130251908,0.754,0.51,7.1677003630068e-94
3,ARPC3,7.01229171284429e-98,0.526431831516554,0.824,0.628,1.12042396987826e-93
3,SERF2,2.0366246477238e-97,0.339092965198604,0.972,0.969,3.25411886213309e-93
3,CLTA,2.40424927604899e-97,0.526914149096106,0.833,0.661,3.84150949327108e-93
3,FAM60A,3.59762439142085e-97,0.407790239745347,0.282,0.073,5.74828425261223e-93
3,HSPB8,3.32436499354231e-96,0.477141737712375,0.317,0.094,5.3116703866819e-92
3,MYO1C,1.31924637162389e-95,0.329917850204615,0.206,0.04,2.10789185258065e-91
3,PFKP,2.84598949745801e-95,0.452936709771006,0.303,0.088,4.5473220190384e-91
3,RBM3,1.13182160757829e-93,0.584040667928196,0.518,0.243,1.80842456458859e-89
3,ZFP36,1.23321052435572e-92,0.565992529004414,0.287,0.081,1.97042377581556e-88
3,FSTL3,2.27293458494112e-92,0.27670645010515,0.126,0.012,3.63169487981892e-88
3,SDCBP,5.59602397273791e-92,0.549140017048774,0.515,0.24,8.94132710364063e-88
3,PRDX1,6.22579542982562e-92,0.392709783043776,0.947,0.931,9.94757593777538e-88
3,SRP14,1.05898244648233e-91,0.424075466084552,0.915,0.856,1.69204215298947e-87
3,RPS29,1.28300266618446e-91,0.372588125782505,0.958,0.927,2.04998166002953e-87
3,NFKBIA,2.16314443145384e-91,0.434384350780594,0.22,0.048,3.45627217257695e-87
3,RPS26,7.76443614156598e-90,0.380623765449367,0.928,0.893,1.24060160669941e-85
3,HOMER3,8.47006946747196e-90,0.576043672450177,0.54,0.269,1.35334769951267e-85
3,RAB32,3.56439932300099e-89,0.490661900396636,0.415,0.165,5.69519723829099e-85
3,MEAF6,5.79744892566132e-89,0.470933468273057,0.378,0.136,9.26316389342166e-85
3,CALM2,2.48355410311119e-88,0.549592660739607,0.76,0.529,3.96822274595106e-84
3,RP11-14N7.2,3.12071962180572e-88,0.558017332793857,0.533,0.26,4.98628581172118e-84
3,RRAS,4.44479453078952e-88,0.283401001823086,0.173,0.03,7.1018927012955e-84
3,RHOB,8.77064877497214e-88,0.638182223619393,0.621,0.364,1.40137426126505e-83
3,NDUFS5,1.5502408937112e-87,0.465761104779304,0.865,0.761,2.47697489997176e-83
3,EIF6,5.37766107091783e-87,0.559649795837836,0.726,0.494,8.59242685911251e-83
3,DSTN,6.18822253745569e-87,0.507065309950479,0.851,0.698,9.88754197034671e-83
3,PSMB8,1.37376610920174e-86,0.46477643436411,0.395,0.151,2.19500348928254e-82
3,RHOC,1.47561084907997e-86,0.525872213857137,0.741,0.527,2.35773101465998e-82
3,TJP1,1.62669754271625e-86,0.361749588101494,0.258,0.068,2.59913733375203e-82
3,IER5L,2.02787461037505e-86,0.402424801487921,0.266,0.073,3.24013805245725e-82
3,IFI27L2,7.74091755183816e-86,0.390956126176835,0.248,0.064,1.2368438064327e-81
3,PSMB9,1.77579019752597e-84,0.317677520986501,0.193,0.04,2.83735757760699e-80
3,WBP5,2.5490026625228e-84,0.526952779713916,0.452,0.199,4.07279645417893e-80
3,RPS10,6.54550283709586e-84,0.47150943069293,0.822,0.668,1.04584044331118e-79
3,DDAH2,1.58434852501699e-83,0.521762135682153,0.513,0.247,2.53147207327215e-79
3,SLC25A6,2.06036718449561e-83,0.449080160407628,0.872,0.77,3.29205468738708e-79
3,PSME1,5.83600006898298e-83,0.537261785461049,0.717,0.489,9.324760910221e-79
3,JAK1,7.07086917954511e-83,0.495775196097628,0.434,0.185,1.12978347750772e-78
3,SOX9,1.05101782939159e-82,0.480292214311381,0.262,0.074,1.67931628780188e-78
3,DYNLT1,3.20756738105301e-82,0.52712626304212,0.747,0.539,5.12505116144649e-78
3,RPS17,3.27564897333756e-82,0.4963888271689,0.829,0.693,5.23383192959875e-78
3,TWF2,4.68090525851041e-82,0.331266738204898,0.229,0.057,7.47915042204794e-78
3,CCNI,1.42629053452126e-81,0.466964052845896,0.829,0.669,2.27892701605806e-77
3,ARPC5,1.84507529202031e-81,0.512870597744692,0.515,0.256,2.94806130159005e-77
3,HMGB1,2.59122375339795e-80,0.511883159532751,0.799,0.62,4.14025731317924e-76
3,HSBP1,4.49711864830264e-80,0.536338055559756,0.69,0.454,7.18549617625795e-76
3,LACTB2,6.24329002647339e-80,0.524406427056816,0.707,0.483,9.97552880429919e-76
3,COL4A1,1.18976680912536e-79,0.409872662341023,0.195,0.043,1.90100940762051e-75
3,COX7C,3.61237227749672e-79,0.307982709167306,0.962,0.957,5.77184842498426e-75
3,PFDN5,6.34279354209632e-79,0.397477402677876,0.888,0.83,1.01345155215615e-74
3,ARF6,7.75767326260629e-79,0.430477787715068,0.37,0.141,1.23952103389923e-74
3,PRDX5,1.70090036383252e-78,0.413310210621948,0.881,0.803,2.71769860133159e-74
3,ACTN4,4.46783673192621e-78,0.562919515550422,0.594,0.343,7.1387095302717e-74
3,IRF1,6.3986342881321e-78,0.308521705979905,0.164,0.03,1.02237378655775e-73
3,AKR1C1,1.81298983520528e-77,0.657427129490734,0.397,0.167,2.896795158691e-73
3,PSME2,1.86784035087583e-77,0.532059725230983,0.616,0.363,2.9844353126294e-73
3,MACF1,3.66502819133937e-77,0.371696497155372,0.172,0.034,5.85598204412204e-73
3,CREB5,4.1641808101738e-77,0.271346862321063,0.151,0.025,6.6535280984957e-73
3,YWHAZ,8.78513757259591e-77,0.54645733955975,0.514,0.263,1.40368928134937e-72
3,HES1,1.16012801056577e-76,0.370684534247908,0.187,0.041,1.85365253528198e-72
3,TUBA1B,3.64383955447066e-76,0.598414867913159,0.443,0.205,5.82212684013322e-72
3,WFDC2,1.22377307526168e-75,0.381098726082456,0.135,0.021,1.95534461965311e-71
3,JUNB,1.40142996642113e-75,0.463773012569889,0.287,0.093,2.23920480034768e-71
3,SET,1.67250359208151e-75,0.546061228429253,0.654,0.422,2.67232623942784e-71
3,PSMB10,2.45864334309747e-75,0.312672632990126,0.208,0.051,3.92842033360114e-71
3,SUB1,3.49812975861606e-75,0.488810756060283,0.759,0.542,5.58931172831674e-71
3,FHL2,5.67459194880681e-75,0.268725628331279,0.119,0.015,9.06686301580352e-71
3,MORF4L1,8.94743460419635e-75,0.469717964295045,0.759,0.552,1.42962110105849e-70
3,LINC01320,1.11462553806752e-74,0.444921663994006,0.376,0.151,1.78094868472428e-70
3,PCP4,1.17004199329236e-74,0.571957365877254,0.344,0.13,1.86949309688254e-70
3,TSPO,1.37113715393988e-74,0.499260547054287,0.443,0.203,2.19080294456513e-70
3,NAP1L1,1.41605148278751e-74,0.492572606999379,0.477,0.231,2.26256705919788e-70
3,UQCRB,1.55485436052392e-74,0.358793367561613,0.928,0.886,2.48434629724511e-70
3,CCDC50,1.18676759247229e-73,0.40629090984606,0.372,0.147,1.89621725925223e-69
3,SNRPB,5.49494656653733e-73,0.49843263012295,0.507,0.26,8.77982562401334e-69
3,RHEB,9.28809215222381e-73,0.507457566510062,0.557,0.31,1.48405136408232e-68
3,GNAS,9.64857992747562e-73,0.445826103350672,0.832,0.691,1.54165010081205e-68
3,DCTPP1,1.54549788259183e-72,0.415638073660132,0.334,0.125,2.46939651680523e-68
3,IMPDH2,1.6767378383421e-72,0.40359396428937,0.358,0.14,2.67909171810301e-68
3,GCC2,2.5285367176354e-72,0.465506645034156,0.323,0.118,4.04009596743785e-68
3,UQCRH,3.55211995167563e-72,0.420112017992316,0.866,0.776,5.67557725878733e-68
3,SRSF3,3.60785657096157e-72,0.480661990129191,0.579,0.326,5.7646332290824e-68
3,YWHAQ,6.47114984849148e-72,0.489442724183034,0.628,0.386,1.03396032279197e-67
3,GNL3,1.32857278236956e-71,0.316444779866594,0.22,0.059,2.12279359167008e-67
3,RSL24D1,2.17669944547446e-71,0.458813311088502,0.514,0.259,3.47793037397909e-67
3,GLTSCR2,1.95060406262455e-70,0.499281874831754,0.684,0.462,3.11667517126151e-66
3,PKM,4.23702396513207e-70,0.456533870835292,0.505,0.256,6.76991689148802e-66
3,TPD52L1,4.6898690698423e-70,0.255870585341466,0.197,0.048,7.49347279979403e-66
3,WDR1,6.1368133939019e-70,0.418877937076588,0.419,0.187,9.80540044077646e-66
3,UBE2D2,8.66745635376751e-70,0.46137375671141,0.548,0.294,1.38488617620497e-65
3,PAWR,1.40604381302292e-69,0.417792980033963,0.368,0.15,2.24657680444801e-65
3,RPS21,1.4700810621672e-69,0.366012787325099,0.907,0.846,2.34889552113075e-65
3,HNRNPAB,4.57529772892735e-69,0.488864785966047,0.482,0.242,7.31041071128013e-65
3,ALDH1A1,6.0749280285503e-69,0.481376213430884,0.799,0.652,9.70652000401767e-65
3,LMNA,6.52697927326725e-69,0.484084580969198,0.493,0.253,1.04288074828264e-64
3,GNG5,9.65454355224737e-69,0.482995571072756,0.765,0.583,1.54260296877808e-64
3,SNRPE,2.71039980303556e-68,0.49792552253068,0.557,0.32,4.33067680529022e-64
3,ACTR3,2.72742332371469e-68,0.437375480466452,0.431,0.198,4.35787698663132e-64
3,ITGAV,4.28122309949348e-68,0.497716140268574,0.294,0.106,6.84053826837067e-64
3,HMGN1,2.09104311183161e-67,0.48450198733284,0.711,0.518,3.34106868408455e-63
3,TUBA1C,3.46849984859161e-67,0.56959653214983,0.484,0.255,5.54196905807968e-63
3,SHTN1,3.71132672932146e-67,0.39667059352522,0.323,0.121,5.92995784810983e-63
3,CAPN2,5.62623332488357e-67,0.320187672526251,0.237,0.072,8.98959560649896e-63
3,PAFAH1B3,1.20341101727362e-66,0.300514233797888,0.213,0.059,1.92281012339979e-62
3,ARPC2,1.59235174927329e-66,0.479075380430101,0.638,0.414,2.54425962498886e-62
3,NOP10,2.35305623454737e-66,0.474711797671483,0.708,0.5,3.75971325155978e-62
3,RHOA,2.95017825636876e-66,0.490156247985538,0.659,0.445,4.71379481802601e-62
3,CKB,3.34043852340057e-66,0.452068068226224,0.348,0.142,5.33735267268943e-62
3,DAB2,3.58165649978909e-66,0.395329555447234,0.895,0.843,5.72277075536301e-62
3,NCL,4.18689371536085e-66,0.54936187935369,0.623,0.4,6.68981877840357e-62
3,EEF1D,5.59121991633871e-66,0.429539729542572,0.829,0.696,8.933651182326e-62
3,ALDOA,1.29302274419882e-65,0.398297281879532,0.865,0.782,2.06599174068087e-61
3,TRAPPC1,2.02601539925957e-65,0.460690770378425,0.608,0.369,3.23716740493694e-61
3,EIF3E,2.16108703271922e-65,0.431246033854497,0.748,0.557,3.45298486087877e-61
3,RAB13,2.41162748193643e-65,0.468970387030723,0.459,0.227,3.85329839063803e-61
3,GPX4,4.16598777450228e-65,0.324855077310415,0.963,0.932,6.65641526609974e-61
3,YWHAB,6.14445425079905e-65,0.442662656241343,0.75,0.556,9.81760900192673e-61
3,C6orf48,6.45030224966433e-65,0.445730863462677,0.478,0.248,1.03062929345137e-60
3,DDX21,6.80306241885371e-65,0.400410713767172,0.309,0.116,1.08699331328445e-60
3,RP5-1021I20.2,7.99475660069285e-65,0.268105477012761,0.163,0.036,1.2774022096587e-60
3,ARHGAP29,1.28889486548389e-64,0.44262489164282,0.317,0.124,2.05939621607016e-60
3,NFE2L2,1.29445131422805e-64,0.438035771492824,0.391,0.175,2.06827430987357e-60
3,MARCKS,1.33854931477008e-64,0.273688344682413,0.109,0.015,2.13873409513963e-60
3,PTGES3,1.48474127657389e-64,0.465823253473826,0.687,0.475,2.37231961170976e-60
3,RPL36A,1.60474706180983e-64,0.446697935275743,0.558,0.325,2.56406485535975e-60
3,PUM3,1.6858549980292e-64,0.352142216202653,0.265,0.09,2.69365911585106e-60
3,RRAS2,2.4914262724803e-64,0.403270523135885,0.373,0.161,3.98080089816902e-60
3,XRCC5,1.17314472125907e-63,0.471449069846163,0.563,0.325,1.87445063562775e-59
3,POLR2L,1.79449450468887e-63,0.396899337422354,0.825,0.699,2.86724331959187e-59
3,LRRFIP1,7.74286591152047e-63,0.367298038282882,0.299,0.111,1.23715511534274e-58
3,CAPZA2,8.52197620952455e-63,0.46135417773106,0.67,0.462,1.36164135875783e-58
3,PA2G4,1.33600969016674e-62,0.436137864571184,0.479,0.244,2.13467628294841e-58
3,EIF4B,2.01683421651238e-62,0.452068556185473,0.738,0.556,3.22249771114348e-58
3,PXDC1,2.27328799331844e-62,0.378650520383482,0.312,0.122,3.6322595557242e-58
3,PPDPF,2.74338722704465e-62,0.481124272333653,0.805,0.655,4.38338411137195e-58
3,RPL36AL,2.97193747206723e-62,0.393412281302513,0.847,0.757,4.74856169286901e-58
3,MAP1LC3A,2.97704830172909e-62,0.383685154283637,0.366,0.157,4.75672777650274e-58
3,NF2,3.4716754535895e-62,0.281231459356622,0.214,0.063,5.5470430397453e-58
3,PPP1CB,5.35137415807312e-62,0.470637122605223,0.468,0.243,8.55042562976923e-58
3,PIM3,7.98944499814068e-62,0.377005090630261,0.363,0.155,1.27655352180292e-57
3,NAMPT,1.15418539913961e-61,0.323305764570774,0.271,0.095,1.84415743074526e-57
3,MIF,2.70913744284536e-61,0.420856839865884,0.822,0.701,4.32865980617832e-57
3,SYNCRIP,5.37646026353567e-61,0.378094806910352,0.384,0.174,8.59050820907729e-57
3,HNRNPA0,8.84173290912918e-61,0.400654508861333,0.417,0.198,1.41273208422066e-56
3,GBP1,1.00103040475224e-60,0.364956842506914,0.172,0.043,1.59944638071313e-56
3,WWC1,2.18666644769365e-60,0.414655513908981,0.377,0.172,3.49385565012491e-56
3,ARHGDIA,3.33989918682172e-60,0.449454746441063,0.513,0.28,5.33649092070374e-56
3,RALBP1,3.59121851276758e-60,0.410536129962646,0.386,0.174,5.73804893970004e-56
3,CHCHD2,4.09752172753306e-60,0.335085235256964,0.883,0.831,6.54702021625233e-56
3,EIF3D,4.99957866833207e-60,0.428890430149818,0.497,0.274,7.98832679626098e-56
3,UBE2I,8.72150960992022e-60,0.37038668733359,0.408,0.188,1.39352280547305e-55
3,CYCS,9.15813248328046e-60,0.460078674695526,0.641,0.438,1.46328640817855e-55
3,LTF,1.85731541107203e-59,0.425258041333995,0.105,0.016,2.96761856381088e-55
3,MYH9,7.44391627208958e-59,0.361082848561156,0.27,0.099,1.18938894195447e-54
3,PHC2,1.03470992393965e-58,0.37319862037413,0.33,0.137,1.65325951647077e-54
3,CCT5,2.63440443281355e-58,0.447558796261979,0.468,0.25,4.20925140274949e-54
3,HSP90AB1,3.12066180671308e-58,0.402386805376628,0.827,0.695,4.98619343476616e-54
3,ANP32B,3.72501823157594e-58,0.391051059491405,0.383,0.175,5.95183413041204e-54
3,NIFK,5.240665265665e-58,0.352829347606968,0.264,0.095,8.37353496147954e-54
3,HNRNPF,5.53697697328457e-58,0.448090034963733,0.581,0.356,8.84698180791408e-54
3,PALLD,5.90754380922531e-58,0.30269888952767,0.214,0.066,9.4390734983802e-54
3,EEF1B2,6.59005454299808e-58,0.373455216132865,0.878,0.805,1.05295891488023e-53
3,S100A16,1.22015468691402e-57,0.450435835703541,0.445,0.233,1.94956315875122e-53
3,CD2AP,1.44729708026821e-57,0.420460795939078,0.473,0.249,2.31249127485254e-53
3,CTTN,1.99950884423245e-57,0.421610086354686,0.467,0.245,3.19481523131461e-53
3,EDF1,3.03664601280617e-57,0.39436285873154,0.81,0.708,4.8519529992617e-53
3,RAB8B,3.12376493691166e-57,0.3026954331991,0.248,0.085,4.99115161619746e-53
3,RPS4Y1,4.46240968477923e-57,0.441562575350603,0.797,0.72,7.13003819434026e-53
3,DUSP23,9.83739445331056e-57,0.448352299302445,0.554,0.337,1.57181888574996e-52
3,CLDN3,1.44294821504007e-56,0.311470897966068,0.209,0.065,2.30554265799102e-52
3,FKBP1A,1.63641738340822e-56,0.423501353696138,0.53,0.312,2.61466769520966e-52
3,UBR4,5.22795582995009e-56,0.414438534853117,0.391,0.186,8.35322782509426e-52
3,ATP5G2,1.08770324817531e-55,0.341485944317667,0.863,0.802,1.73793224993452e-51
3,SNRPD1,1.44819859225541e-55,0.366629062930415,0.385,0.181,2.31393171070569e-51
3,COX6B1,1.67695128845044e-55,0.366386332670298,0.848,0.766,2.67943276868612e-51
3,SEPT2,1.79459515437561e-55,0.437781148595601,0.602,0.383,2.86740413766135e-51
3,MIDN,2.27040335747675e-55,0.297362578334093,0.202,0.062,3.62765048457635e-51
3,MVP,2.54831772317362e-55,0.423260966755773,0.497,0.276,4.07170205808681e-51
3,SNX6,5.40504767601278e-55,0.383561605643323,0.414,0.207,8.63618517673322e-51
3,CBX3,1.60305727492103e-54,0.412472655123601,0.448,0.234,2.56136491386882e-50
3,SSBP1,1.95898742028764e-54,0.429353678598012,0.622,0.417,3.1300701001356e-50
3,AZIN1,2.59857277199496e-54,0.32774433597759,0.25,0.091,4.15199957509354e-50
3,MRPS21,2.7708816370055e-54,0.437779495999397,0.66,0.479,4.4273146796074e-50
3,VPS28,3.78934437276775e-54,0.411832847113132,0.759,0.606,6.0546144388083e-50
3,PIGR,5.03550180086392e-54,0.675126718937224,0.561,0.352,8.04572477742036e-50
3,DCTN2,6.07624241510924e-54,0.372129242998961,0.423,0.213,9.70862013086154e-50
3,EEF2,6.69158051276511e-54,0.366002385152265,0.859,0.787,1.06918073432961e-49
3,AP2M1,1.1993123912159e-53,0.425901044148432,0.647,0.453,1.91626133868477e-49
3,BAX,1.54784035920183e-53,0.407376137830864,0.415,0.212,2.47313932593269e-49
3,BCL2,5.2312211801747e-53,0.267499373578839,0.21,0.068,8.35844520168314e-49
3,PDCD5,5.52701914113221e-53,0.39402011439343,0.513,0.291,8.83107118370104e-49
3,FLOT1,5.89482202318628e-53,0.38300582626247,0.457,0.242,9.41874662864704e-49
3,CCT3,6.25842764042885e-53,0.425456709538538,0.638,0.433,9.99971568387722e-49
3,TUBB2A,6.27156220821731e-53,0.422173065828896,0.325,0.143,1.00207020962896e-48
3,GNB2,1.49328418853838e-52,0.363444855092834,0.445,0.234,2.38596947644662e-48
3,PRMT1,1.84630358509517e-52,0.360217545143202,0.353,0.163,2.95002386826506e-48
3,TXNIP,2.71910599125548e-52,0.47310211546028,0.626,0.417,4.344587552828e-48
3,PFDN1,3.05080841643914e-52,0.35960121287531,0.356,0.163,4.87458168778646e-48
3,PRDX6,3.57136442216197e-52,0.346701069868,0.811,0.697,5.7063260737304e-48
3,EIF3G,5.22992728556088e-52,0.41055819394129,0.605,0.403,8.35637781686918e-48
3,GDF15,6.59441632049612e-52,0.487072293638007,0.339,0.155,1.05365583968887e-47
3,GNG12,6.9551260231045e-52,0.421701555345516,0.515,0.304,1.11129003597164e-47
3,HNRNPA3,7.23432744475604e-52,0.419213869486361,0.527,0.313,1.15590083912312e-47
3,SF3B6,7.6587607758088e-52,0.412002690926258,0.617,0.413,1.22371679675873e-47
3,CDH6,1.40505075985154e-51,0.459662083673808,0.37,0.181,2.24499010409079e-47
3,TLN1,1.48115155230487e-51,0.425645541055539,0.426,0.226,2.36658395027272e-47
3,MSN,1.66931525186877e-51,0.408240973071424,0.504,0.293,2.66723190943592e-47
3,USMG5,1.74284288228405e-51,0.362254784392236,0.852,0.773,2.78471435731346e-47
3,COL4A2,1.87079197612337e-51,0.332443843466175,0.182,0.055,2.98915141944991e-47
3,ATP6V1G1,2.53409272856912e-51,0.373288381837469,0.786,0.659,4.04897336170773e-47
3,TKT,2.90307604560258e-51,0.428325358157738,0.642,0.446,4.6385349056638e-47
3,OST4,4.07059174459574e-51,0.362997499918879,0.834,0.722,6.50399148951507e-47
3,SELM,6.47308519042319e-51,0.301604263671165,0.219,0.075,1.03426955172582e-46
3,SKP1,1.06878956409653e-50,0.359161305386208,0.848,0.761,1.70771196551343e-46
3,FKBP3,1.3229919534558e-50,0.384513427133868,0.43,0.223,2.11387654323168e-46
3,HNRNPD,2.56857541429353e-50,0.419991892660633,0.507,0.292,4.1040697969582e-46
3,CAST,4.18844402616654e-50,0.427308470147147,0.524,0.313,6.6922958650089e-46
3,SNU13,4.66635939547694e-50,0.425485027401692,0.592,0.392,7.45590904209306e-46
3,NHP2,6.42039231150176e-50,0.390831712855715,0.478,0.273,1.02585028353175e-45
3,EIF5A,7.39803326947985e-50,0.460404213175763,0.646,0.465,1.18205775579749e-45
3,NKAIN4,8.77516182519965e-50,0.343541915539317,0.282,0.116,1.4020953564304e-45
3,ATP5E,1.57617758801077e-49,0.263195361876273,0.936,0.923,2.51841655012361e-45
3,METTL5,1.92568758817995e-49,0.34145127975812,0.342,0.157,3.07686362839393e-45
3,CAP1,1.971600466865e-49,0.399490679192426,0.445,0.244,3.1502232259569e-45
3,NELFE,2.23919760391049e-49,0.278796397588793,0.295,0.122,3.57778993152818e-45
3,EIF3J,2.29608515058711e-49,0.413066307996869,0.38,0.191,3.66868485360808e-45
3,ABRACL,3.13414024133101e-49,0.401485010320081,0.536,0.325,5.00772927759869e-45
3,SERPINB1,3.20401006500901e-49,0.360150559855643,0.35,0.164,5.11936728187139e-45
3,SRSF7,3.44057068344726e-49,0.391695415326258,0.345,0.162,5.49734383801203e-45
3,CAPNS1,3.87062929700701e-49,0.387607144357526,0.567,0.359,6.1844914907578e-45
3,AMD1,4.82798582833687e-49,0.305981257485877,0.317,0.139,7.71415575651665e-45
3,HNRNPU,5.35820449460437e-49,0.459994630584667,0.555,0.355,8.56133914147886e-45
3,TBCB,6.00384544309542e-49,0.337794000422998,0.418,0.216,9.59294424897785e-45
3,NSA2,7.5299511306784e-49,0.427002101320882,0.641,0.448,1.2031355916598e-44
3,MCL1,1.05382166235092e-48,0.319132071788806,0.281,0.115,1.68379625210431e-44
3,ILK,1.16486670211622e-48,0.339861230365965,0.362,0.173,1.8612240166413e-44
3,ZBTB20,1.18072763604186e-48,0.31522509096447,0.295,0.126,1.88656661686768e-44
3,EEA1,1.36733964190057e-48,0.357863063721173,0.245,0.094,2.18473527982873e-44
3,DDX17,1.37450774130017e-48,0.435356690750114,0.52,0.315,2.1961884690494e-44
3,MAP4,1.4299088150899e-48,0.347839642390714,0.283,0.118,2.28470830475064e-44
3,APEX1,1.55315016742432e-48,0.412667473200191,0.515,0.309,2.48162333751059e-44
3,TRIOBP,1.6360775320733e-48,0.264926255342742,0.21,0.072,2.61412468074672e-44
3,STAT1,2.04344642326919e-48,0.258913815589276,0.204,0.068,3.26501869509951e-44
3,MRPL33,2.06729831979087e-48,0.390067213903519,0.567,0.357,3.30312925536186e-44
3,EIF3H,2.35833673541739e-48,0.394836104946762,0.665,0.476,3.7681504358499e-44
3,NTN4,2.81126139214639e-48,0.406986726009232,0.33,0.153,4.49183345237149e-44
3,MMP24,3.58962187758622e-48,0.269738455019146,0.209,0.072,5.73549783600727e-44
3,PPP2CB,4.55267303577969e-48,0.417218492568271,0.535,0.324,7.27426097656878e-44
3,SEC61G,4.56461987772708e-48,0.430326621277609,0.592,0.389,7.29334964063233e-44
3,GLUL,4.69176031789533e-48,0.384938296793265,0.34,0.159,7.49649463593316e-44
3,TXNDC9,5.36414064604161e-48,0.290477783400464,0.314,0.138,8.57082392424528e-44
3,KRT10,5.89985965874315e-48,0.406019263657106,0.556,0.345,9.4267957627398e-44
3,MRFAP1,9.33817350431474e-48,0.370585743907412,0.629,0.423,1.49205336251941e-43
3,KLF10,9.35626196776369e-48,0.324554878867064,0.253,0.099,1.49494353720928e-43
3,NME1,1.18756650654825e-47,0.378284407970983,0.409,0.216,1.89749376416279e-43
3,RBX1,1.26803129523102e-47,0.387395699566664,0.621,0.424,2.02606040352012e-43
3,PSMA7,1.83657938720317e-47,0.393226392515898,0.724,0.578,2.93448654487322e-43
3,DDX5,3.63642647157541e-47,0.417261655596283,0.698,0.522,5.81028221628319e-43
3,GADD45GIP1,4.23663164669098e-47,0.397046900779492,0.655,0.475,6.76929004508285e-43
3,EIF5B,4.60185896092932e-47,0.30596093608872,0.269,0.109,7.35285024777287e-43
3,LMCD1,5.32130580134327e-47,0.355970350994288,0.195,0.066,8.50238240938628e-43
3,MRPL47,8.97603095419402e-47,0.359136118443591,0.377,0.188,1.43419022586112e-42
3,LSM7,1.47939960148131e-46,0.33938957363831,0.413,0.217,2.36378468324684e-42
3,ZFP36L1,1.61078006906462e-46,0.522049078186712,0.517,0.326,2.57370439435145e-42
3,DYNC1I2,1.98207034385617e-46,0.356686159785092,0.447,0.244,3.16695199541339e-42
3,SFPQ,2.03354091262065e-46,0.344548888723938,0.361,0.177,3.24919167018527e-42
3,EIF3M,2.15100831072108e-46,0.38929748035447,0.517,0.324,3.43688107887014e-42
3,PDHA1,5.44876444833351e-46,0.401939926960027,0.553,0.35,8.70603583554728e-42
3,STAP2,5.4669074327882e-46,0.295940291110261,0.271,0.112,8.73502469610899e-42
3,PTPN1,6.06714011663678e-46,0.31211675875282,0.273,0.115,9.69407647836225e-42
3,PAIP1,6.22457624400315e-46,0.371512271175977,0.437,0.24,9.94562792266823e-42
3,TFG,7.0678836095478e-46,0.347733641966254,0.401,0.207,1.12930644313355e-41
3,CEBPB,8.65951165781346e-46,0.322718303480229,0.203,0.071,1.38361677268543e-41
3,AKR1C3,1.04709748704246e-45,0.386543292434981,0.753,0.608,1.67305236479645e-41
3,CCT6A,1.59397909212031e-45,0.383991335477247,0.51,0.306,2.54685979338982e-41
3,DEK,1.83368413505422e-45,0.389857302220722,0.448,0.249,2.92986051098963e-41
3,COMTD1,2.75342536649984e-45,0.314635073180261,0.298,0.13,4.39942305059345e-41
3,CAPG,2.97771202274532e-45,0.434441382581594,0.497,0.298,4.75778826994247e-41
3,ATP5L,3.53120343871658e-45,0.293933947404852,0.888,0.825,5.64215685438135e-41
3,VPS35,4.08773039169631e-45,0.358934727192188,0.378,0.191,6.53137561985236e-41
3,IAH1,4.87045988086041e-45,0.3300622163183,0.379,0.191,7.78202079763876e-41
3,ERH,5.2100706141776e-45,0.383472372287927,0.576,0.38,8.32465082733297e-41
3,COL18A1,6.96094405219843e-45,0.47480504790989,0.452,0.262,1.11221964066026e-40
3,PAK2,1.0813281990921e-44,0.3820563045409,0.373,0.191,1.72774619650935e-40
3,SEPT7,1.23827902164659e-44,0.349269094413121,0.388,0.201,1.97852222078693e-40
3,ATP5G3,1.29288677206205e-44,0.279597553510195,0.922,0.888,2.06577448440074e-40
3,CCT2,1.38336290007622e-44,0.382186427977279,0.442,0.248,2.21033724174179e-40
3,PLEKHA1,1.67210209632522e-44,0.417566832975961,0.421,0.229,2.67168472950843e-40
3,VAMP8,2.01275134835394e-44,0.364151070771249,0.783,0.659,3.21597410439992e-40
3,TBCA,2.68650266315489e-44,0.342925381067646,0.779,0.643,4.29249395518889e-40
3,NOL7,2.70040128449011e-44,0.374802685509442,0.531,0.332,4.3147011723583e-40
3,PAPPA,3.22748161738123e-44,0.250159540498389,0.163,0.049,5.15687012825173e-40
3,C11orf58,4.64005940476311e-44,0.38165869399463,0.604,0.414,7.4138869169305e-40
3,NDUFB4,5.02060668400119e-44,0.352128538250648,0.779,0.653,8.0219253596971e-40
3,GTF2I,5.9994477837224e-44,0.40708061395323,0.583,0.395,9.58591766883165e-40
3,SH3BGRL3,6.83463811538409e-44,0.370536938810796,0.532,0.331,1.09203847807607e-39
3,NUTF2,1.06038501527265e-43,0.273312074957853,0.282,0.122,1.69428317740263e-39
3,EIF2S2,1.71360774456802e-43,0.380340474541779,0.495,0.301,2.73800245427077e-39
3,C9orf3,1.78440154964604e-43,0.257354091674899,0.243,0.097,2.85111679602444e-39
3,COMMD6,1.81469753089431e-43,0.366114927364236,0.729,0.577,2.89952371486294e-39
3,CALD1,2.11783016639906e-43,0.407787752996252,0.582,0.4,3.38386903987242e-39
3,TRIM38,2.47219099333459e-43,0.299426782351345,0.302,0.135,3.95006676915e-39
3,MBD2,2.56530526110038e-43,0.329359964142874,0.398,0.209,4.09884474618619e-39
3,ATP5C1,2.62320588370091e-43,0.331444237240146,0.804,0.704,4.19135836097732e-39
3,CYSTM1,3.1084645268348e-43,0.316992229956721,0.821,0.721,4.96670462097665e-39
3,NME4,3.65607290474369e-43,0.256894677737258,0.254,0.104,5.84167328719947e-39
3,HNRNPA2B1,3.66156859528922e-43,0.355321733701357,0.762,0.615,5.85045430155311e-39
3,HNRNPC,4.34532064478309e-43,0.393325639927504,0.568,0.377,6.94295332623442e-39
3,SPARC,5.67682168203204e-43,0.402591623853635,0.21,0.08,9.07042568355079e-39
3,EEF1E1,6.42312366298862e-43,0.319866387604599,0.378,0.194,1.02628669887232e-38
3,CBX5,7.24344912588876e-43,0.306115359892759,0.294,0.132,1.15735830133451e-38
3,GPX1,8.81614416198583e-43,0.325920973946104,0.76,0.644,1.4086435142021e-38
3,FAM195B,1.29169305390417e-42,0.356809607892391,0.412,0.225,2.06386716152808e-38
3,DYNLRB1,1.53147262090687e-42,0.331574472993392,0.767,0.636,2.44698695368499e-38
3,ATF3,1.80029349970832e-42,0.344059688578663,0.118,0.028,2.87650895383396e-38
3,MORF4L2,2.58713258411466e-42,0.35970292055296,0.484,0.287,4.13372044289841e-38
3,MAPRE1,2.77555706972518e-42,0.279249265725116,0.282,0.125,4.43478508600689e-38
3,TRIP6,3.12664460156185e-42,0.368429399255545,0.503,0.313,4.99575274437552e-38
3,GADD45B,5.2818202908061e-42,0.481700803312695,0.236,0.097,8.43929246064998e-38
3,SNX10,5.61539054530166e-42,0.266233776795086,0.255,0.106,8.97227101328299e-38
3,SEC61B,5.62984966854112e-42,0.347805968582898,0.757,0.628,8.995373800395e-38
3,RAB34,5.7512562846786e-42,0.258061156219318,0.203,0.075,9.18935729165947e-38
3,RAB11A,6.34041440772759e-42,0.32422817548354,0.453,0.26,1.01307141406671e-37
3,NDUFB2,6.42786293453557e-42,0.296612980821507,0.89,0.832,1.02704393968009e-37
3,SRSF11,6.64244037547749e-42,0.315714338539667,0.319,0.152,1.06132912319379e-37
3,ZFAND5,6.77503410970726e-42,0.322474052134056,0.359,0.183,1.08251495004903e-37
3,NR2F2,7.37934947355786e-42,0.383176291395054,0.44,0.255,1.17907245888507e-37
3,RPL17,8.27933876844886e-42,0.365920689590106,0.527,0.334,1.32287274842276e-37
3,ZNF22,2.12703692346604e-41,0.252373436153654,0.214,0.081,3.39857959631404e-37
3,MGAT4B,2.32005840480673e-41,0.36536025411762,0.45,0.264,3.70698931920019e-37
3,MRPL52,4.28072146537353e-41,0.3741376841699,0.59,0.398,6.83973675737382e-37
3,HNRNPDL,6.40661130458026e-41,0.363680642478917,0.449,0.258,1.02364835424583e-36
3,ZNF428,7.20400831454393e-41,0.316290329179724,0.525,0.329,1.15105644849783e-36
3,SRM,1.478907009057e-40,0.26586028878194,0.276,0.123,2.36299761907127e-36
3,ITGB1BP1,1.53405056889453e-40,0.307098195331254,0.311,0.15,2.45110599897968e-36
3,TSTA3,2.10362919771601e-40,0.288128913367079,0.327,0.159,3.36117873211064e-36
3,SRSF2,2.19654265297555e-40,0.317251777296363,0.338,0.168,3.50963585092434e-36
3,LARP6,3.27495276839625e-40,0.30124448466177,0.33,0.162,5.23271953334354e-36
3,EIF3K,3.48992878409209e-40,0.322117321006689,0.777,0.686,5.57620821122234e-36
3,RSL1D1,3.49219475822986e-40,0.335618770818639,0.416,0.229,5.57982878469968e-36
3,UBL5,3.69565992307611e-40,0.310518547768681,0.847,0.75,5.90492542509101e-36
3,THOC7,4.65527659642107e-40,0.332509107673142,0.498,0.305,7.43820094576159e-36
3,CDC123,6.80882781667734e-40,0.275484931202143,0.273,0.122,1.08791450854871e-35
3,EIF2S3,7.58024254257817e-40,0.308251608270218,0.378,0.198,1.21117115345314e-35
3,TMOD3,8.44359022994966e-40,0.333176250436841,0.357,0.184,1.34911684694136e-35
3,DTD1,8.70149682358611e-40,0.307821919389202,0.342,0.173,1.39032516247259e-35
3,GTF3C6,1.04922896630571e-39,0.368932723225895,0.606,0.427,1.67645804236326e-35
3,TGIF1,1.30303803646349e-39,0.286492314345231,0.291,0.134,2.08199417466137e-35
3,RASSF4,1.33997056760432e-39,0.320463800942304,0.357,0.185,2.14100497291819e-35
3,UBXN1,1.47758360964434e-39,0.351989020277439,0.585,0.398,2.36088309148973e-35
3,SH3GLB1,2.07908062039354e-39,0.32181488439258,0.377,0.2,3.3219550152648e-35
3,JADE1,2.1415769691206e-39,0.261540759859346,0.216,0.085,3.4218116812609e-35
3,MAP1LC3B,3.45066786110365e-39,0.364479654081391,0.509,0.327,5.51347710847141e-35
3,CCDC124,5.13270069400302e-39,0.275161268740813,0.335,0.167,8.20102916887803e-35
3,AES,6.77667300766979e-39,0.323932428083081,0.454,0.267,1.08277681316548e-34
3,WTAP,7.03660457400399e-39,0.283192491759364,0.261,0.116,1.12430867883436e-34
3,SORBS2,1.18998278927497e-38,0.255814252268209,0.214,0.085,1.90135450070354e-34
3,LSM2,1.24533323238715e-38,0.275914526822747,0.289,0.135,1.98979343870819e-34
3,SNX3,1.58372916203717e-38,0.36689014768395,0.702,0.557,2.53048245510298e-34
3,BANF1,1.58504978287225e-38,0.327589474180146,0.453,0.267,2.53259254307328e-34
3,TCEB2,2.00328993336514e-38,0.294931716565609,0.854,0.785,3.20085665553082e-34
3,BZW1,2.3496201932189e-38,0.364068439660798,0.493,0.306,3.75422314472516e-34
3,VDAC1,2.63638815513654e-38,0.324264479571494,0.739,0.606,4.21242099427717e-34
3,AGFG1,3.01560519903802e-38,0.290639888281791,0.244,0.105,4.81833398702295e-34
3,ATP5D,3.33530631948794e-38,0.264466831091175,0.878,0.814,5.32915243727783e-34
3,NAA10,4.2804913478364e-38,0.292516773589457,0.384,0.206,6.83936907557299e-34
3,MRPL15,4.82624475067277e-38,0.311004706751777,0.425,0.24,7.71137386262496e-34
3,HIGD1A,4.91524243485256e-38,0.324364499630024,0.424,0.243,7.85357436240741e-34
3,ABCE1,7.4377674096356e-38,0.262634513516356,0.231,0.096,1.18840647671158e-33
3,KLF6,1.52948707326213e-37,0.432510519468304,0.357,0.194,2.44381444565823e-33
3,PTPN11,1.74742310354687e-37,0.251174615036931,0.239,0.102,2.79203263484719e-33
3,PBDC1,1.87657336340408e-37,0.309027008683585,0.243,0.106,2.99838892004704e-33
3,SSB,2.57871571949565e-37,0.335702480857858,0.446,0.262,4.12027197661014e-33
3,ATP5H,2.91053322877193e-37,0.311478694044194,0.774,0.671,4.65044999293179e-33
3,MAP2K2,2.97693852043328e-37,0.336376734672611,0.486,0.308,4.7565523679483e-33
3,WWC2,3.35643853740325e-37,0.260555415899918,0.256,0.114,5.36291749506291e-33
3,H1FX,3.48558982129101e-37,0.271325102348625,0.196,0.075,5.56927541645878e-33
3,BTF3L4,4.79873877028219e-37,0.28952137078901,0.311,0.155,7.66742480715688e-33
3,METAP2,5.51585855771909e-37,0.310516875267758,0.344,0.179,8.81323880352357e-33
3,DNAJC8,9.18311221407431e-37,0.328217062784608,0.433,0.255,1.46727766956479e-32
3,MT2A,1.166845951322e-36,0.456494567538286,0.849,0.767,1.86438646102229e-32
3,UFC1,1.19203770306367e-36,0.343601919698609,0.565,0.379,1.90463784195514e-32
3,SMARCB1,1.19454710599468e-36,0.267367897184385,0.33,0.168,1.9086473659583e-32
3,PDCD2,1.34217665907413e-36,0.277280404420814,0.326,0.165,2.14452986586865e-32
3,SMARCA1,1.46712331165993e-36,0.268888943450501,0.235,0.101,2.34416962737024e-32
3,SNRPF,1.54506466545865e-36,0.294437955930876,0.441,0.258,2.46870432246983e-32
3,KIF1C,1.58960451610311e-36,0.306464794152392,0.284,0.134,2.53987009582954e-32
3,CAPZB,1.59862535153437e-36,0.321961271752939,0.524,0.336,2.55428358668162e-32
3,RP11-680F8.1,1.75835078382717e-36,0.280857900757681,0.236,0.103,2.80949288239905e-32
3,VPS29,2.04162817313957e-36,0.347587737974934,0.609,0.437,3.2621134950424e-32
3,MRPL50,2.07353308505839e-36,0.309647473954856,0.334,0.174,3.3130911633063e-32
3,PSMB3,2.09980982417858e-36,0.334840922468638,0.659,0.489,3.35507613707254e-32
3,UFD1L,2.38361706995003e-36,0.283951663475191,0.325,0.166,3.80854335436616e-32
3,CCT8,2.96951314042493e-36,0.329606721394483,0.52,0.333,4.74468809577096e-32
3,TAF1D,3.3563368612231e-36,0.266792036833089,0.261,0.118,5.36275503686227e-32
3,EIF1AX,3.51759044901489e-36,0.321027985132383,0.546,0.36,5.620406019436e-32
3,RAP1A,5.30093793766555e-36,0.307878324037965,0.396,0.227,8.46983863680201e-32
3,TXNL1,5.31801909254596e-36,0.301831667500084,0.492,0.309,8.49713090606993e-32
3,RANBP1,6.25498228718331e-36,0.268094418667214,0.358,0.19,9.99421069846149e-32
3,C19orf43,6.8845023717446e-36,0.340447905154675,0.685,0.539,1.10000578895735e-31
3,ARL2,8.35686705664669e-36,0.343823804719225,0.656,0.502,1.33526021831101e-31
3,UBE2A,1.0378154402347e-35,0.261705725319572,0.29,0.141,1.658221510407e-31
3,TAX1BP1,2.56838529384781e-35,0.362539294890191,0.594,0.423,4.10376602251003e-31
3,UBE2N,2.69384357753187e-35,0.28190795234684,0.329,0.17,4.30422326818042e-31
3,XRCC6,2.98269261656669e-35,0.319806337734357,0.463,0.283,4.76574626275026e-31
3,IFT43,5.62905649173212e-35,0.282860068088166,0.355,0.192,8.99410646248958e-31
3,APRT,6.21373763808754e-35,0.311282679099018,0.724,0.577,9.92830999813627e-31
3,ABCF1,8.95359099208922e-35,0.2888771043368,0.282,0.136,1.43060476871602e-30
3,PSMB2,1.26959385720454e-34,0.304295077838336,0.472,0.292,2.02855706504141e-30
3,YWHAE,1.41757554085108e-34,0.31125271634524,0.757,0.625,2.26500219917185e-30
3,LDHA,1.59931543682156e-34,0.331787480475984,0.688,0.548,2.55538620495349e-30
3,SRSF5,1.67979458814303e-34,0.346559081155971,0.543,0.365,2.68397579293493e-30
3,PSMA4,1.8828286758511e-34,0.312926847062899,0.472,0.295,3.00838365827488e-30
3,AC090498.1,1.93356731333881e-34,0.332950848715922,0.544,0.371,3.08945385325275e-30
3,PAX8,2.09518271194201e-34,0.289733674058267,0.356,0.192,3.34768293714095e-30
3,CALM1,2.2536581107826e-34,0.266474051888702,0.922,0.896,3.60089492940844e-30
3,SPATS2L,2.41512790859495e-34,0.339341768706289,0.561,0.384,3.85889137235302e-30
3,VPS26A,2.48894694528016e-34,0.255462494459856,0.323,0.167,3.97683942916864e-30
3,YWHAG,2.65381355143863e-34,0.26003873960169,0.261,0.122,4.24026329248864e-30
3,DYNC1LI2,3.37222379666641e-34,0.271552609161103,0.28,0.135,5.38813918231358e-30
3,SNRPD2,3.62583101529886e-34,0.33007705216941,0.527,0.355,5.79335279624451e-30
3,MZT2A,3.92793368350946e-34,0.325924050646833,0.435,0.262,6.27605243951141e-30
3,NT5C,4.29275011607589e-34,0.293039267433316,0.398,0.228,6.85895613546606e-30
3,GNB1,6.22530931922531e-34,0.300977519794015,0.419,0.249,9.94679923025821e-30
3,TSEN34,6.26564308247309e-34,0.270993922761502,0.353,0.191,1.00112445171755e-29
3,RNF19A,6.66614291903836e-34,0.262949054318924,0.231,0.102,1.06511631560395e-29
3,BCL7C,7.25560563834018e-34,0.283154238637512,0.334,0.178,1.15930066889399e-29
3,KHDRBS1,1.66532026836957e-33,0.303279083226532,0.415,0.246,2.6608487248009e-29
3,HNRNPH3,2.13289695806263e-33,0.262162517573973,0.316,0.165,3.40794275959248e-29
3,LASP1,2.18717073819865e-33,0.32940727764129,0.34,0.185,3.49466140549381e-29
3,PABPC1,2.32529644102265e-33,0.336668149764497,0.686,0.541,3.71535865346599e-29
3,EIF4A3,2.42026327609903e-33,0.265602262726422,0.285,0.14,3.86709666255103e-29
3,NONO,2.7392818273827e-33,0.295993031128939,0.443,0.268,4.37682450379208e-29
3,TMA7,4.21659974520464e-33,0.304218581679433,0.786,0.696,6.73728307288798e-29
3,VAT1,4.22139338759636e-33,0.319388247676319,0.309,0.163,6.74494235470147e-29
3,FEZ2,4.4057099705335e-33,0.265956755767577,0.262,0.124,7.03944339091842e-29
3,DNAJA1,4.87701986031566e-33,0.332352676891797,0.554,0.386,7.79250233281236e-29
3,PDCD10,6.90497516720629e-33,0.28652231991792,0.33,0.174,1.10327693221622e-28
3,EPSTI1,7.6863010771467e-33,0.254501090561941,0.207,0.088,1.2281171861065e-28
3,NEDD8,9.99443096906357e-33,0.316006379128678,0.717,0.578,1.59691018023698e-28
3,TP53I3,1.13305015067629e-32,0.263064271443852,0.323,0.171,1.81038753075057e-28
3,MRPS16,1.17994644084185e-32,0.298039713987585,0.427,0.26,1.88531842317711e-28
3,CSNK2A1,1.28107346734023e-32,0.255443376227948,0.296,0.151,2.04689918611622e-28
3,CEBPD,1.32671287818291e-32,0.365843994729033,0.478,0.313,2.11982183676065e-28
3,HNRNPK,1.38870817573435e-32,0.327418230303407,0.692,0.559,2.21887792318834e-28
3,LPIN2,1.4414980611435e-32,0.312737780058955,0.344,0.19,2.30322560209509e-28
3,CCT7,1.45388033824268e-32,0.321833320550754,0.446,0.276,2.32301000444415e-28
3,SPX,1.52964762637886e-32,0.287083703877786,0.316,0.166,2.44407097742815e-28
3,MZT2B,1.57914477733583e-32,0.295729867553717,0.738,0.625,2.52315752522719e-28
3,FARP1,1.66500114433446e-32,0.349778558037813,0.525,0.355,2.66033882841759e-28
3,EIF3A,1.82762269589303e-32,0.315422455098944,0.323,0.171,2.92017554349788e-28
3,HABP4,2.18291539113137e-32,0.303633735885149,0.353,0.197,3.48786221194971e-28
3,TAF9,2.25498178008855e-32,0.269998959964748,0.279,0.137,3.60300988822548e-28
3,PSMB1,3.0078841243141e-32,0.320621840187504,0.699,0.555,4.80599725382907e-28
3,CHMP4B,3.41912475565107e-32,0.262439276590811,0.334,0.178,5.46307753457928e-28
3,BEND7,3.42858256705005e-32,0.315579617652669,0.372,0.211,5.47818922563256e-28
3,FAM150B,3.60160937672405e-32,0.330691486246979,0.333,0.182,5.75465146212969e-28
3,CSNK1D,4.34748269861088e-32,0.260843639170521,0.26,0.125,6.94640785584046e-28
3,RHOQ,4.53143701815144e-32,0.28438654615752,0.323,0.172,7.24033006760238e-28
3,FUS,7.11791787157893e-32,0.277342140805554,0.303,0.159,1.13730091752088e-27
3,CD2BP2,7.44287919957833e-32,0.271035989301709,0.303,0.159,1.18922323850863e-27
3,IER2,7.72632240578011e-32,0.328792467858398,0.315,0.167,1.23451179399555e-27
3,PDAP1,7.73149772702126e-32,0.321811380924821,0.447,0.279,1.23533870682346e-27
3,EGLN1,7.73935197546807e-32,0.272395029638677,0.281,0.141,1.23659365864029e-27
3,TMEM261,8.12447433489325e-32,0.273866090217837,0.425,0.257,1.29812850922924e-27
3,NDUFA11,1.04778625457882e-31,0.30657309972881,0.738,0.624,1.67415287756604e-27
3,PGLS,1.07131748518427e-31,0.31280070358491,0.505,0.335,1.71175107782743e-27
3,PGAM1,1.11248614426685e-31,0.315743278242786,0.563,0.395,1.77753036130957e-27
3,RRAGA,1.24460862475733e-31,0.279639096568121,0.437,0.268,1.98863566063726e-27
3,XRN2,1.65237738796251e-31,0.291556459776451,0.316,0.168,2.64016859048649e-27
3,RAB2A,1.77001009806753e-31,0.328543440471071,0.623,0.464,2.8281221346923e-27
3,POMP,1.83203749914912e-31,0.323797922987584,0.7,0.572,2.92722951614047e-27
3,LAD1,1.87624699732072e-31,0.28240892896047,0.298,0.155,2.99786745231904e-27
3,EIF3L,2.21550469559822e-31,0.307675254482187,0.526,0.361,3.53993340262684e-27
3,BBX,2.2766362371507e-31,0.309614196260454,0.34,0.187,3.63760937971938e-27
3,HIGD2A,2.93963575783377e-31,0.307190418069845,0.668,0.519,4.69695001386681e-27
3,SNRPC,2.99000566512318e-31,0.266311041263235,0.437,0.267,4.77743105173382e-27
3,PSMA5,3.4751827932733e-31,0.288358321942366,0.524,0.354,5.55264706709209e-27
3,NAP1L4,3.8135139717444e-31,0.281339987337765,0.38,0.217,6.09323262405319e-27
3,PTMS,4.36292932345387e-31,0.314975334472905,0.759,0.662,6.97108847301459e-27
3,ATP5O,4.6495690112285e-31,0.298945293585502,0.735,0.61,7.4290813661409e-27
3,LYPLAL1,5.39221038284555e-31,0.331085959555715,0.573,0.407,8.61567374971062e-27
3,JUN,5.50823737845946e-31,0.424883643055354,0.416,0.256,8.80106168330252e-27
3,MRPL36,5.6824952942537e-31,0.289623678381963,0.375,0.212,9.07949098115856e-27
3,SF3B2,6.48471518545907e-31,0.272508126481245,0.344,0.191,1.03612779233265e-26
3,ZNF593,9.88769926630797e-31,0.262480746498805,0.395,0.23,1.57985658877069e-26
3,NAA20,1.1201164962621e-30,0.319295889520972,0.493,0.322,1.78972213772759e-26
3,WIPI2,1.17169673937472e-30,0.274858506361251,0.387,0.223,1.87213705017293e-26
3,PSMG2,1.3775966501292e-30,0.258917960176914,0.407,0.24,2.20112392757644e-26
3,ARPP19,1.42731089163665e-30,0.279484058634397,0.351,0.2,2.28055734265703e-26
3,NARS,1.46510039384213e-30,0.32837283930452,0.588,0.426,2.34093740928096e-26
3,CMPK1,1.50074788839205e-30,0.313619535543897,0.507,0.338,2.39789497607282e-26
3,C7orf73,1.7339706952529e-30,0.307018624089356,0.41,0.253,2.77053837687509e-26
3,C9orf16,1.83065955023907e-30,0.281003730798922,0.434,0.267,2.92502782937198e-26
3,HNRNPM,1.84726202794859e-30,0.316233913059799,0.383,0.226,2.95155526825626e-26
3,SYF2,1.90274203503305e-30,0.287829223534228,0.423,0.255,3.0402012235758e-26
3,FAM107B,3.19754609839586e-30,0.407347214501637,0.535,0.387,5.1090391560169e-26
3,PDLIM5,3.36413730965414e-30,0.291031772664955,0.306,0.164,5.37521859336538e-26
3,UBE2H,3.52121840271456e-30,0.31146080532645,0.343,0.193,5.62620276385733e-26
3,PPP4C,3.94508139073943e-30,0.268140540231808,0.352,0.2,6.30345104612346e-26
3,KIF5B,3.96030956058408e-30,0.258446883622706,0.258,0.126,6.32778261590124e-26
3,C1QBP,4.72602400407363e-30,0.324616722451845,0.643,0.498,7.55124115370884e-26
3,PSMA3,4.78889972948966e-30,0.308287829211124,0.496,0.333,7.65170398777858e-26
3,ARF4,5.28607219432518e-30,0.275247920670385,0.36,0.204,8.44608615209277e-26
3,WASF2,6.69045527902642e-30,0.27502613028326,0.276,0.14,1.06900094448284e-25
3,CHURC1,6.96298108853363e-30,0.286221427547421,0.372,0.215,1.1125451183259e-25
3,COPZ1,7.05774874574871e-30,0.302469217331311,0.473,0.303,1.12768709459573e-25
3,PSMD4,7.63129873668289e-30,0.288456540179105,0.423,0.259,1.21932891214719e-25
3,LINC00657,7.65435515194905e-30,0.325764410598933,0.387,0.234,1.22301286617842e-25
3,RCAN1,8.57918811869227e-30,0.371820656010262,0.48,0.32,1.37078267760465e-25
3,NGFRAP1,9.68285587466747e-30,0.300149600398694,0.708,0.577,1.54712671165437e-25
3,YPEL5,1.43431511345502e-29,0.274396730518254,0.337,0.188,2.29174868827842e-25
3,PSMB6,1.48167600922898e-29,0.287543085511201,0.656,0.516,2.36742192754606e-25
3,GSPT1,1.56228632306624e-29,0.267060027081656,0.398,0.235,2.49622108699523e-25
3,RNF213,1.63268394674919e-29,0.264724643831333,0.275,0.141,2.60870241011586e-25
3,GNG11,1.97094244772989e-29,0.319038810589511,0.209,0.096,3.14917184298282e-25
3,UQCC2,1.97234723181351e-29,0.286154424762413,0.43,0.266,3.15141640699162e-25
3,EIF3F,2.03268200459742e-29,0.300889806766647,0.553,0.395,3.24781930694575e-25
3,URI1,2.66271789383975e-29,0.313350217474027,0.375,0.217,4.25449065077715e-25
3,MRPL27,3.14804502997015e-29,0.299419935988293,0.526,0.354,5.0299463488863e-25
3,VAPA,3.16046189209166e-29,0.304411668930897,0.591,0.426,5.04978601118406e-25
3,ENSA,3.25732660647833e-29,0.318291641894846,0.435,0.277,5.20455645183108e-25
3,GABARAPL2,3.86102469264676e-29,0.297982656521733,0.672,0.529,6.169145253911e-25
3,CAPRIN1,3.9371011629857e-29,0.296861389947838,0.313,0.17,6.29070023821856e-25
3,ACBD3,4.12068292948681e-29,0.255240632465229,0.237,0.113,6.58402718473403e-25
3,ROMO1,4.35737233654695e-29,0.301235251189262,0.592,0.444,6.96220951933472e-25
3,POLR1D,4.68658697153701e-29,0.309816496906702,0.449,0.287,7.48822866312183e-25
3,MRPL51,4.80149599928993e-29,0.304799981766595,0.632,0.483,7.67183030766544e-25
3,RNF7,4.85177078250024e-29,0.317016148267933,0.591,0.428,7.75215935627888e-25
3,FAM50A,5.44606291142708e-29,0.288779214781963,0.331,0.185,8.70171931987818e-25
3,CBX6,5.77832824915945e-29,0.253912584058621,0.268,0.138,9.23261287650697e-25
3,NUDC,6.61011255442829e-29,0.305814276587766,0.469,0.31,1.05616378394655e-24
3,COX7B,6.9283522039674e-29,0.264644541402514,0.855,0.794,1.10701211514991e-24
3,YTHDF2,7.39753917795291e-29,0.266801056095763,0.347,0.199,1.18197880985332e-24
3,TCEA1,1.21057310118408e-28,0.308187643352963,0.52,0.359,1.93425370107193e-24
3,EIF4G2,1.77917805338356e-28,0.285864538001927,0.681,0.563,2.84277069369625e-24
3,SYNE2,1.79223933473455e-28,0.388271953413261,0.344,0.198,2.86364000903887e-24
3,ZSWIM7,1.9679369610908e-28,0.266036361176963,0.382,0.224,3.14436967643088e-24
3,EIF3I,2.29750305635405e-28,0.265671150908913,0.522,0.359,3.6709503834425e-24
3,WWTR1,2.36976323527208e-28,0.252823047094815,0.249,0.123,3.78640769731773e-24
3,CHMP3,2.48593288969359e-28,0.274287530855489,0.423,0.263,3.97202357115241e-24
3,LSM14A,2.50030868000503e-28,0.253081340635908,0.376,0.218,3.99499320891204e-24
3,LACTB,2.64954335588286e-28,0.259343770113194,0.309,0.167,4.23344037402964e-24
3,ACTR10,3.21611806047391e-28,0.27659578001788,0.331,0.187,5.13871343702522e-24
3,RAB18,3.93394637795813e-28,0.276114944065173,0.434,0.272,6.28565952270151e-24
3,FNBP1L,5.09942870778241e-28,0.288361909706997,0.359,0.21,8.14786718929473e-24
3,UBE2L3,5.50674820713531e-28,0.25911297943887,0.472,0.306,8.7986822853608e-24
3,RBM39,6.10354375415856e-28,0.300731749374243,0.409,0.251,9.75224221039454e-24
3,ADGRG1,6.59690613112272e-28,0.459829686959657,0.503,0.359,1.05405366163079e-23
3,ATP5J2,7.4342041106784e-28,0.250281555301524,0.785,0.7,1.18783713280419e-23
3,VDAC2,7.91944846618576e-28,0.29560544567079,0.622,0.482,1.26536947592716e-23
3,OLA1,8.44272234447942e-28,0.261203813518224,0.383,0.228,1.34897817620092e-23
3,EID1,9.1258216366364e-28,0.289523343977877,0.691,0.566,1.45812378110176e-23
3,LARP7,9.2888657137317e-28,0.284786710143846,0.282,0.149,1.48417496374005e-23
3,ISCU,9.73087121969891e-28,0.254462362762442,0.847,0.782,1.55479860348349e-23
3,TCEAL4,2.17228366760003e-27,0.270413100276266,0.459,0.296,3.47087484409133e-23
3,SPG20,2.19025851224397e-27,0.294620020439026,0.474,0.31,3.49959505086341e-23
3,STRAP,2.29588777967933e-27,0.286005630115966,0.503,0.345,3.66836949437163e-23
3,SERP1,2.41766927429744e-27,0.312254243914398,0.529,0.371,3.86295196647245e-23
3,UGCG,2.48129576391166e-27,0.25148768146117,0.258,0.134,3.96461437157806e-23
3,HNRNPR,2.89732065172731e-27,0.291772740220266,0.358,0.209,4.6293389373299e-23
3,C19orf53,2.92673048507149e-27,0.305244505764679,0.675,0.542,4.67632996904723e-23
3,RAB8A,2.95336380279556e-27,0.250057898776956,0.285,0.151,4.71888468410674e-23
3,CSNK1A1,5.084195052344e-27,0.261604281313701,0.405,0.249,8.12352685463524e-23
3,BUD31,9.23547407389144e-27,0.266530469276341,0.432,0.276,1.47564404752637e-22
3,ENY2,9.25853272956408e-27,0.30263249568296,0.612,0.465,1.47932835952975e-22
3,GTF2A2,1.02120009546881e-26,0.25814529289661,0.379,0.228,1.63167351254007e-22
3,RAB7A,1.06077111428443e-26,0.31220382277908,0.552,0.399,1.69490008640366e-22
3,ARF5,1.16339728916574e-26,0.260330830131169,0.371,0.22,1.85887618862902e-22
3,MRPL3,1.18958974522663e-26,0.306418461248678,0.464,0.31,1.90072649492311e-22
3,RFK,1.33853995148571e-26,0.255466059476529,0.385,0.234,2.13871913448387e-22
3,RPL22L1,1.50272479353372e-26,0.255948771540084,0.244,0.125,2.40105367510818e-22
3,TXNRD1,1.57763716699698e-26,0.269622531762624,0.275,0.147,2.52074866542777e-22
3,MINOS1,2.34948879519813e-26,0.326669019430562,0.643,0.515,3.75401319696757e-22
3,SUMO1,2.38589652663666e-26,0.290679844602307,0.63,0.485,3.81218547026006e-22
3,SMARCA5,2.80888406777466e-26,0.291841884617631,0.263,0.14,4.48803496349036e-22
3,PSMD8,4.01858206498317e-26,0.305198474999999,0.624,0.481,6.42089042343011e-22
3,ARID5B,4.617862216501e-26,0.349596728477139,0.384,0.244,7.3784202495253e-22
3,PLA2G16,6.62850627891212e-26,0.270643132426805,0.759,0.67,1.05910273324458e-21
3,ZCRB1,6.95198963980113e-26,0.2872595239896,0.425,0.271,1.11078890464743e-21
3,NCOR1,7.40776047069663e-26,0.264999766691848,0.287,0.157,1.18361196800791e-21
3,RBM8A,7.76582679724365e-26,0.26533635309502,0.401,0.252,1.24082380566359e-21
3,UBE2E3,8.13470368455138e-26,0.27901285318833,0.405,0.252,1.29976295471762e-21
3,CSNK2B,8.73688088787579e-26,0.292719590324662,0.519,0.373,1.39597882826479e-21
3,RNH1,9.67085450424106e-26,0.292185569905922,0.622,0.488,1.54520913268764e-21
3,ZFAND6,9.96289349251005e-26,0.271811429106794,0.408,0.26,1.59187112223326e-21
3,DSP,1.01727466173527e-25,0.250103343758642,0.205,0.098,1.62540145452061e-21
3,PDCD6,1.25758692085753e-25,0.260970719312914,0.464,0.311,2.00937238214616e-21
3,ASRGL1,1.25776316502589e-25,0.253465086622826,0.478,0.317,2.00965398507837e-21
3,TCP1,1.28315896788409e-25,0.278397914519269,0.472,0.318,2.0502313988852e-21
3,BRI3,1.53527099779778e-25,0.261954305203454,0.857,0.809,2.45305600028129e-21
3,TAF10,1.5986729367374e-25,0.259611691714628,0.487,0.329,2.55435961831901e-21
3,SNF8,2.63280642718522e-25,0.283261195405214,0.482,0.324,4.20669810935655e-21
3,DRAP1,2.71634006639193e-25,0.257849237982694,0.441,0.286,4.34016815808103e-21
3,CLU,3.00893416364416e-25,0.344775112745282,0.276,0.153,4.80767500667064e-21
3,RAB10,4.05551033096642e-25,0.257019867677502,0.384,0.239,6.47989440681814e-21
3,MRPS23,4.11296259287738e-25,0.252694078454149,0.435,0.284,6.57169163089948e-21
3,UBE2D3,4.76689404699594e-25,0.293249015996281,0.594,0.442,7.61654330829011e-21
3,SCAND1,5.20857639597396e-25,0.277617946585742,0.676,0.548,8.3222633654872e-21
3,FIBP,5.90737266790386e-25,0.283222408556109,0.416,0.271,9.43880004877678e-21
3,PFDN2,7.00025433980648e-25,0.250492826262684,0.444,0.289,1.11850063841428e-20
3,PIK3R1,8.72967377011313e-25,0.280076782273004,0.243,0.128,1.39482727498868e-20
3,OPTN,8.81978691403181e-25,0.291622366849071,0.551,0.4,1.409225553124e-20
3,CNBP,1.08475923351732e-24,0.268276431371027,0.588,0.441,1.73322830331397e-20
3,PAFAH1B1,1.24259409979714e-24,0.266174405722804,0.364,0.22,1.98541685265587e-20
3,EZR,2.00788648325834e-24,0.281938429827047,0.677,0.539,3.20820102295018e-20
3,HMGN2,2.37775391801479e-24,0.290880139085475,0.588,0.447,3.79917521020403e-20
3,MT1E,4.04660720678099e-24,0.440077709992109,0.711,0.621,6.46566899499466e-20
3,SNRPD3,8.45233167766083e-24,0.287983901202802,0.55,0.407,1.35051355545665e-19
3,NDUFA6,8.75581861628533e-24,0.269989241171375,0.638,0.517,1.39900469851007e-19
3,SH3BGRL,8.77188256186012e-24,0.274260246993053,0.478,0.327,1.40157139573401e-19
3,RTF1,1.10387496668735e-23,0.276654070457923,0.287,0.161,1.76377142177304e-19
3,PCBP1,1.38771676332866e-23,0.257849517072262,0.673,0.553,2.21729384444653e-19
3,SRP9,1.60720236955452e-23,0.270273485368426,0.692,0.57,2.56798794607422e-19
3,RNF5,1.74527787711047e-23,0.253617873583769,0.536,0.375,2.78860499204711e-19
3,SRSF9,1.86969171767858e-23,0.272860272373132,0.627,0.49,2.98739342650684e-19
3,ZC3H15,2.44684537947726e-23,0.253146137406416,0.428,0.278,3.90956954732877e-19
3,POLR2K,3.77391630401873e-23,0.265043021965169,0.487,0.338,6.02996347056113e-19
3,PSMB5,3.94291636422852e-23,0.274197994493821,0.59,0.47,6.29999176676432e-19
3,PPP1R2,4.20435077530584e-23,0.257726442256454,0.313,0.18,6.71771166878367e-19
3,MT1F,4.44766537922532e-23,0.282489560414205,0.861,0.794,7.10647974292622e-19
3,FAM134B,5.79939070906935e-23,0.337065564986222,0.358,0.228,9.266266474951e-19
3,SF3B5,5.88723848594038e-23,0.27060472036817,0.631,0.503,9.40662965283554e-19
3,PAIP2,6.44476318367389e-23,0.273607061697112,0.486,0.341,1.02974426148741e-18
3,SPAG9,6.4904910325698e-23,0.25750333209191,0.541,0.391,1.037050657184e-18
3,C8orf59,6.51354299096994e-23,0.277379950855193,0.472,0.332,1.04073389909718e-18
3,DDX3X,9.09745704735882e-23,0.302994595728189,0.399,0.259,1.45359168702699e-18
3,ZNF706,1.08585055233112e-22,0.268677549234207,0.453,0.307,1.73497201251466e-18
3,UGP2,1.15360717214583e-22,0.262647369564251,0.545,0.4,1.84323353965461e-18
3,C12orf57,1.32253603849736e-22,0.26942960631328,0.437,0.289,2.11314808231109e-18
3,C19orf70,1.48484584273299e-22,0.281733132663252,0.592,0.457,2.37248668751877e-18
3,UBE2B,1.59813708966971e-22,0.272589659316883,0.466,0.322,2.55350344187426e-18
3,HOOK1,2.14252375923627e-22,0.266300973270827,0.357,0.221,3.42332446250771e-18
3,PPP2R1A,2.149339974765e-22,0.25590104026667,0.403,0.264,3.43421541167951e-18
3,GDI2,3.04400872675445e-22,0.264077479912865,0.513,0.367,4.86371714360825e-18
3,HEBP2,3.93708326995379e-22,0.270833219249292,0.575,0.429,6.29067164873216e-18
3,MYO6,4.08358410415497e-22,0.266472157862458,0.435,0.293,6.52475068161881e-18
3,ODC1,4.21546288696665e-22,0.288942847333519,0.493,0.349,6.73546660079531e-18
3,TMEM258,4.35704901596024e-22,0.294126898779019,0.537,0.396,6.96169291770127e-18
3,NUCKS1,4.37363413388496e-22,0.284400828941752,0.644,0.523,6.98819261912138e-18
3,HDDC2,5.14207561994384e-22,0.259023626234866,0.501,0.354,8.21600842554627e-18
3,THRAP3,7.52929400697047e-22,0.251928894692651,0.34,0.211,1.20303059643374e-17
3,TSC22D1,7.61956066205543e-22,0.251259315699656,0.451,0.306,1.21745340258322e-17
3,RERG,8.04962230506718e-22,0.262719942402417,0.349,0.219,1.28616865190363e-17
3,SHFM1,9.61695626520033e-22,0.258497512375629,0.608,0.47,1.53659727205371e-17
3,HSPA4,1.03241871373272e-21,0.268953442557008,0.364,0.229,1.64959862080214e-17
3,SCOC,1.37626759851646e-21,0.25422372279221,0.46,0.317,2.19900036890959e-17
3,LAMTOR2,1.61469338721976e-21,0.286939151836006,0.566,0.43,2.57995709409973e-17
3,NUPR1,1.67771779701814e-21,0.350150561535951,0.587,0.459,2.68065749607558e-17
3,PPP1CA,1.81976773266796e-21,0.260611291528907,0.534,0.396,2.90762488325687e-17
3,HDGF,2.0000973163545e-21,0.250535035705866,0.457,0.317,3.19575549207122e-17
3,NDUFS6,2.11497628524545e-21,0.260807453598444,0.702,0.609,3.37930910856518e-17
3,EIF1B,2.16836779698565e-21,0.281894160942264,0.595,0.463,3.46461806602368e-17
3,APP,5.41773956075361e-21,0.412369106556818,0.494,0.379,8.65646427017211e-17
3,CYR61,5.70987018488721e-21,0.268272937192617,0.214,0.113,9.12323058141278e-17
3,ACLY,1.04853830038301e-20,0.254664395077073,0.36,0.232,1.67535449635198e-16
3,TCEB1,1.29903310238509e-20,0.258201771575751,0.483,0.347,2.07559509099089e-16
3,ATP5G1,2.28150842400325e-20,0.253357606256755,0.689,0.588,3.64539415987239e-16
3,TIMM8B,2.45088792819854e-20,0.280736392103734,0.558,0.42,3.91602873167563e-16
3,MLF2,7.43011041737253e-20,0.253375511251367,0.558,0.424,1.18718304248778e-15
3,SRRM2,1.02225455616703e-19,0.262683352398473,0.401,0.27,1.63335832984369e-15
3,CTNNA1,1.69460509478147e-19,0.272759940560469,0.569,0.432,2.70764002044184e-15
3,PLIN2,1.02282327405451e-18,0.32683675212463,0.671,0.574,1.6342670272843e-14
3,LEPROT,1.3576245410395e-18,0.26726777448734,0.446,0.316,2.16921249167291e-14
3,DYNC1H1,1.34195717296079e-17,0.259135299725833,0.345,0.229,2.14417917095676e-13
3,VDAC3,1.67168951088473e-16,0.252292690163242,0.438,0.313,2.67102550049162e-12
3,ZFP36L2,2.78386286972313e-15,0.26920017506445,0.306,0.205,4.44805609324361e-11
3,ABCB1,9.86430858699777e-15,0.269224955906699,0.241,0.152,1.5761192260305e-10
3,CD151,2.23143562199423e-14,0.265818780281429,0.341,0.24,3.56538783682239e-10
3,S100A1,2.8564029670149e-14,0.313580132677399,0.47,0.37,4.5639606606964e-10
3,B2M,8.10497353639427e-12,0.291401343964099,0.877,0.873,1.29501267164508e-07
3,FOS,4.60869185434107e-11,0.326641760140605,0.255,0.178,7.36376784486616e-07
3,TSPAN1,3.36211243552608e-10,0.300734778159488,0.549,0.48,5.37198324948357e-06
4,RBP4,0,2.25347604001597,0.719,0.044,0
4,SLC6A18,0,1.13063187894278,0.425,0.011,0
4,SLC7A13,0,0.984684659589535,0.412,0.009,0
4,MYH8,1.44969246478798e-243,0.672087413369489,0.27,0.012,2.31631862023823e-239
4,CYP17A1,3.763204790281e-226,0.928780809094446,0.444,0.057,6.01284861391098e-222
4,RP11-536I6.2,6.88015896240996e-225,0.853405406921109,0.33,0.027,1.09931179901386e-220
4,AGXT,4.98499156940772e-223,1.1170676869298,0.488,0.076,7.96501952959965e-219
4,NEU4,1.35890754187487e-208,0.465172015788383,0.186,0.004,2.17126247040767e-204
4,FMO5,2.11258178781021e-191,1.01321161475435,0.496,0.092,3.37548318056316e-187
4,DCXR,1.76021889378001e-186,1.27581397898868,0.984,0.782,2.8124777484817e-182
4,ABHD14A,6.10919256068171e-184,1.15674915912425,0.554,0.127,9.76126787345723e-180
4,CRNDE,6.89050636149329e-181,0.527588736604995,0.228,0.013,1.1009651064394e-176
4,GPT,2.26040765052173e-176,1.03609598616014,0.496,0.103,3.61167934400363e-172
4,GC,9.3481226287398e-153,0.518066445315452,0.13,0.002,1.49364303362005e-148
4,SLC5A8,4.02323674314742e-130,0.353035419789873,0.137,0.005,6.42832766820095e-126
4,BPI,1.28878779727664e-129,0.596467047249865,0.277,0.037,2.05922514248862e-125
4,ADGRV1,1.38663998727612e-126,0.633091813188654,0.289,0.042,2.21557337166979e-122
4,GLYATL1,7.18985735535742e-126,0.963741017384165,0.904,0.635,1.14879540823901e-121
4,PTER,1.54757067266146e-121,0.799747094065889,0.44,0.108,2.47270842077848e-117
4,PLCH2,4.81085987580958e-119,0.597701421646381,0.263,0.036,7.68679190956855e-115
4,BHMT,1.61360538471091e-111,0.959121745236242,0.947,0.819,2.57821868369109e-107
4,MIOX,5.91062609199388e-109,0.757665982741045,0.981,0.888,9.44399836978782e-105
4,PCK1,1.35669316128943e-105,0.967421132169344,0.965,0.791,2.16772433310824e-101
4,ETNPPL,1.12254647130366e-103,0.445463680383834,0.2,0.023,1.79360475184899e-99
4,MPC1,2.86060281852488e-100,0.908407824234569,0.698,0.359,4.57067118343905e-96
4,UPP2,1.8356160722045e-95,0.562139428986004,0.289,0.055,2.93294736016834e-91
4,HAO2,2.70009985353993e-93,0.889065301339079,0.753,0.451,4.3142195459861e-89
4,UGT2A1,4.75412670132804e-88,0.552621400625618,0.296,0.064,7.59614364338195e-84
4,PPP1R1A,2.82771187547105e-85,0.647394477270987,0.333,0.084,4.51811803462764e-81
4,SPP1,1.05028926960639e-84,0.873778354249246,0.965,0.936,1.67815219497708e-80
4,NR1I3,5.78369868574631e-84,0.303629164517574,0.128,0.01,9.24119376008546e-80
4,SLC22A7,1.0722122414699e-82,0.685347897043262,0.402,0.122,1.71318071942061e-78
4,FOXC1,1.54854376328054e-82,0.384056795695335,0.167,0.02,2.47426322496964e-78
4,BBOX1,8.10770130773634e-81,0.64923857498818,0.965,0.869,1.29544851495011e-76
4,AOX1,7.63076110777957e-77,0.819085325869753,0.698,0.4,1.21924300980102e-72
4,GCAT,6.32913464125107e-74,0.677613301731518,0.335,0.096,1.0112691329791e-69
4,ACY3,1.75062658440143e-73,0.787790025602066,0.637,0.355,2.7971511565566e-69
4,PROC,4.06119312411424e-70,0.559405664933952,0.316,0.087,6.48897437370973e-66
4,AKR7A3,1.27228455797193e-66,0.688397702897556,0.861,0.682,2.03285626672755e-62
4,MSRB1,1.29531165629396e-65,0.68977791501995,0.656,0.383,2.06964896442648e-61
4,SLC39A8,1.92164133574602e-64,0.283149347170511,0.147,0.02,3.07039852625499e-60
4,AZGP1,8.75935780926219e-64,0.74786482651783,0.753,0.521,1.39957019076391e-59
4,SLC5A10,9.91716912086093e-64,0.622493670886069,0.472,0.192,1.58456528213116e-59
4,CRYAB,1.96468996186635e-63,0.447592263948255,0.972,0.824,3.13918162107005e-59
4,SLC3A1,7.87327483023889e-63,0.743177816159603,0.832,0.663,1.25799185237557e-58
4,CYP4A11,1.1106541881804e-62,0.72689884099834,0.591,0.307,1.77460326187465e-58
4,MST1,2.43818044086915e-62,0.449289432082696,0.26,0.066,3.89572470842072e-58
4,WDR18,1.18014197666424e-60,0.68911856012439,0.488,0.221,1.88563085031413e-56
4,GAPDH,9.93271084006706e-60,0.529959863319902,0.989,0.976,1.58704853802592e-55
4,ADIRF,4.87484437269133e-59,0.835000410888668,0.749,0.522,7.78902633868621e-55
4,SERPINF1,4.93570806771681e-58,0.448545910691226,0.151,0.024,7.88627435059791e-54
4,ASRGL1,8.80826451623865e-58,0.694753491762866,0.588,0.322,1.40738450440461e-53
4,ALDH6A1,8.11244373974111e-57,0.605986648525801,0.937,0.834,1.29620626073583e-52
4,LDHD,3.2281126431359e-55,0.634843769526058,0.461,0.207,5.15787838120254e-51
4,NAT8,5.85909518815001e-54,0.590633919705716,0.967,0.943,9.36166229162609e-50
4,ALDH2,1.10554787001197e-53,0.610334303739177,0.902,0.796,1.76644438670512e-49
4,VAV3,1.2567414026876e-52,0.639856844317364,0.37,0.148,2.00802141321425e-48
4,ACAT1,2.70826363799597e-52,0.5612584922084,0.87,0.746,4.32726364078996e-48
4,ACY1,7.44672871208426e-52,0.525404803511932,0.339,0.123,1.18983831361682e-47
4,ACSM3,1.1441875232905e-48,0.630423543132697,0.518,0.275,1.82818282471356e-44
4,FOS,3.65844264681646e-46,0.635725496090311,0.407,0.171,5.84545966108333e-42
4,ETFB,5.68550072126994e-45,0.543011798609669,0.875,0.811,9.08429305244511e-41
4,GGT1,8.88238586109524e-45,0.604168608546408,0.474,0.242,1.4192276128858e-40
4,PHYH,1.20490035446551e-43,0.578103501438932,0.747,0.584,1.92518978636499e-39
4,BOK,6.91884235240286e-43,0.421391207804751,0.24,0.075,1.10549263106693e-38
4,ACAA2,1.79331896943589e-42,0.542786309710037,0.842,0.722,2.86536504936466e-38
4,AFP,1.22957129238967e-41,0.621590248464381,0.428,0.216,1.96460901098021e-37
4,HIBCH,3.23880305925602e-41,0.587827786697102,0.674,0.483,5.17495952807927e-37
4,DHDH,5.98973075294072e-41,0.567447534425371,0.419,0.204,9.57039179704869e-37
4,TM4SF18,8.04163789496751e-41,0.327615014502936,0.188,0.05,1.28489290285791e-36
4,CYBA,5.68802185582862e-40,0.576034228029844,0.768,0.65,9.08832132124297e-36
4,TREH,2.90525450536181e-38,0.364024400828843,0.216,0.067,4.64201564866709e-34
4,CNDP2,4.86864348106702e-38,0.507428799294926,0.83,0.701,7.77911855404889e-34
4,AGT,1.20404692923917e-37,0.385393767402751,0.221,0.07,1.92382618353835e-33
4,RP11-192H23.4,2.81005893114512e-37,0.352418481443437,0.221,0.071,4.48991216018367e-33
4,NIT2,7.83705859545099e-37,0.531645203229644,0.735,0.588,1.25220522238116e-32
4,MT1G,1.37006207361017e-36,0.426301562407363,0.998,0.955,2.18908518121434e-32
4,PLCL1,2.04368786547099e-36,0.508140608263182,0.374,0.174,3.26540447144956e-32
4,ODC1,7.7052545345968e-36,0.610715197474753,0.551,0.356,1.23114556953788e-31
4,TKFC,1.73170059970525e-35,0.528282729458371,0.512,0.31,2.76691121820905e-31
4,OXCT1,3.75370887630085e-35,0.323720330623742,0.174,0.049,5.99767604255351e-31
4,HSPD1,9.42114181332886e-34,0.431352759225099,0.884,0.779,1.50531003893368e-29
4,HGD,2.44244804905486e-33,0.544954902441832,0.602,0.432,3.90254349277985e-29
4,GRHPR,2.69572170973399e-32,0.491925150937229,0.735,0.6,4.30722414781296e-28
4,ACAA1,8.34255318537538e-32,0.453573475925482,0.87,0.778,1.33297314795928e-27
4,DEFB1,7.60600899219011e-31,0.270389184369904,0.102,0.02,1.21528811677214e-26
4,APOM,1.46835832043742e-30,0.49308754221412,0.737,0.55,2.3461429243949e-26
4,BHMT2,5.98409668206012e-30,0.409707589107503,0.854,0.779,9.56138967859566e-26
4,HRSP12,1.54059290022988e-29,0.415326337795077,0.879,0.795,2.4615593359873e-25
4,EGR1,2.96140329525572e-29,0.445376510364689,0.23,0.087,4.7317301851596e-25
4,PLG,1.33758709536582e-28,0.588815073833098,0.679,0.531,2.13719666097551e-24
4,IER2,2.66137094091811e-28,0.572000644311701,0.347,0.177,4.25233848939896e-24
4,PEBP1,3.41573478715228e-28,0.324614055803479,0.995,0.987,5.45766104291192e-24
4,SORD,5.28344661651136e-28,0.43978086371745,0.647,0.47,8.44189100386185e-24
4,FYB,5.75958987130154e-28,0.270311174001475,0.146,0.042,9.2026726963656e-24
4,RPS6,1.02383795693009e-27,0.295589040529232,0.991,0.972,1.6358882875829e-23
4,ACADM,1.22302422735989e-27,0.463604661251253,0.73,0.619,1.95414811047564e-23
4,SELENBP1,5.63763484489676e-27,0.470893242174297,0.453,0.278,9.00781295517605e-23
4,COX7A1,9.70063370605489e-27,0.386036568218077,0.146,0.044,1.54996725355345e-22
4,GCDH,1.57086766033814e-26,0.413779097869751,0.361,0.193,2.50993234768829e-22
4,ACE2,3.9742624493981e-26,0.478772855552293,0.335,0.173,6.35007654164829e-22
4,CYP4A22,5.17049419717316e-26,0.280402658311647,0.175,0.061,8.26141562824328e-22
4,ECH1,5.29653467668624e-26,0.410084915939074,0.823,0.744,8.46280310640928e-22
4,ATF3,5.43056103879152e-26,0.3592122411505,0.128,0.035,8.67695042778109e-22
4,LINC01510,1.10827623336889e-25,0.454525697356616,0.405,0.233,1.77080376567681e-21
4,SLC23A1,2.66965145474545e-25,0.412244356215928,0.326,0.167,4.26556909439229e-21
4,IDNK,5.44756918561071e-25,0.458021978975671,0.447,0.279,8.70412604476879e-21
4,RP5-1021I20.2,1.64130806316931e-24,0.345015698109652,0.149,0.048,2.62248202333192e-20
4,SGK1,3.41502982530077e-24,0.383301654434414,0.225,0.095,5.45653465486557e-20
4,MGST3,8.95234995676025e-24,0.32553741940033,0.83,0.74,1.43040647609115e-19
4,SLC1A5,1.52673780242879e-23,0.265728964410947,0.156,0.053,2.43942166072072e-19
4,CRYL1,1.73474674022857e-23,0.353570051346384,0.853,0.789,2.77177834153722e-19
4,GGACT,1.01784486099153e-22,0.455217245591656,0.523,0.371,1.62631251889226e-18
4,ABAT,1.72993205487584e-22,0.464938187279056,0.56,0.405,2.76408543728062e-18
4,BTG2,1.79616347781598e-22,0.316355856433869,0.123,0.037,2.86991000485437e-18
4,CLDN10,1.9574195162891e-22,0.410644445089235,0.547,0.397,3.12756490312673e-18
4,CFI,5.31574168676664e-22,0.48005825560743,0.595,0.455,8.49349206711573e-18
4,NAPRT,1.54043264642183e-21,0.467287770852104,0.504,0.359,2.46130328245281e-17
4,CDHR5,2.16308716386206e-21,0.412918151923738,0.409,0.252,3.45618067041881e-17
4,MGAM,2.40814588836071e-21,0.430499358974791,0.349,0.198,3.84773550042274e-17
4,ACMSD,2.42186899547043e-21,0.407362570182769,0.625,0.488,3.86966228096266e-17
4,PDLIM2,6.03080553900779e-21,0.406502812901454,0.404,0.248,9.63602109022665e-17
4,MID1IP1,9.43074120066023e-21,0.346943502655705,0.239,0.112,1.50684382904149e-16
4,SLC2A9,1.40349892989735e-20,0.354152127087526,0.282,0.145,2.24251059018999e-16
4,GAMT,4.96932940921861e-20,0.435307576861061,0.602,0.466,7.9399945300495e-16
4,OAT,6.03776292642641e-20,0.408543355559201,0.36,0.216,9.64713760384412e-16
4,AK2,9.2195683411688e-20,0.460945891757049,0.502,0.367,1.47310262955195e-15
4,GLYAT,1.02044464563511e-19,0.368311752082207,0.828,0.759,1.63046645479578e-15
4,SLC22A12,1.52938050213974e-19,0.357296744132331,0.596,0.44,2.44364416631887e-15
4,GADD45A,2.10834413334293e-19,0.456575779767572,0.612,0.481,3.36871225625533e-15
4,ENPP6,3.53308740831895e-19,0.37027757491225,0.263,0.136,5.64516706101201e-15
4,NUDT8,9.56050004649654e-19,0.330103582706555,0.361,0.217,1.52757669742922e-14
4,PEPD,1.60732187243045e-18,0.279263187457728,0.965,0.943,2.56817888776937e-14
4,MAOA,1.90248523040631e-18,0.383946478153989,0.619,0.497,3.03979090114321e-14
4,SLC27A2,1.91653588554443e-18,0.395052844217659,0.63,0.494,3.06224103792289e-14
4,SCRN2,4.97155555594273e-18,0.375955591084332,0.5,0.358,7.9435514672853e-14
4,ALDH1A1,5.38244000436833e-18,0.381462834323571,0.753,0.669,8.60006263897971e-14
4,HSDL2,5.63841847422346e-18,0.399292650535066,0.423,0.285,9.00906503811424e-14
4,C11orf54,6.17565091335471e-18,0.308642888041071,0.896,0.85,9.86745502935816e-14
4,DDT,6.93324635178348e-18,0.309116646884966,0.835,0.778,1.10779410208796e-13
4,HEBP2,7.19246602669828e-18,0.375408824181198,0.57,0.442,1.14921222174585e-13
4,PDZK1,7.23886729204875e-18,0.345963382703727,0.846,0.777,1.15662621592355e-13
4,CNP,1.68429622075828e-17,0.349548736984641,0.282,0.155,2.69116850152758e-13
4,BPHL,1.95334545671413e-17,0.335755656198378,0.702,0.618,3.12105537073783e-13
4,SIGIRR,2.06252813297022e-17,0.364846150067891,0.707,0.618,3.29550745085982e-13
4,CAPN3,2.20551939207095e-17,0.361128217067691,0.465,0.315,3.52397888465096e-13
4,AKR7A2,3.68005064654886e-17,0.351888736356657,0.796,0.727,5.87998492305577e-13
4,EPHX2,1.11710429193579e-16,0.36103774907761,0.572,0.451,1.784909237655e-12
4,AK4,1.4582649667158e-16,0.342726437023029,0.781,0.717,2.3300157638185e-12
4,ACE,1.96801967870038e-16,0.268903540426652,0.179,0.081,3.14450184262747e-12
4,TXN,2.4802327272303e-16,0.277869746269019,0.944,0.932,3.96291585156857e-12
4,FYN,3.96512469099602e-16,0.354980718097723,0.361,0.231,6.33547623127344e-12
4,FOLR1,5.56450234377853e-16,0.406148578735678,0.519,0.39,8.89096184488934e-12
4,H1F0,6.6519431023446e-16,0.29232530002222,0.193,0.092,1.06284746889262e-11
4,PXMP2,8.96632241018795e-16,0.313539858237594,0.6,0.474,1.43263899469983e-11
4,SLC2A4RG,9.07570429105513e-16,0.333559999955731,0.605,0.485,1.45011603162479e-11
4,AC009014.3,1.85171097573915e-15,0.391656292294858,0.505,0.387,2.95866379703601e-11
4,SLC39A5,2.10493986199228e-15,0.350960795963742,0.456,0.324,3.36327291149126e-11
4,ENDOG,2.51143820033575e-15,0.406558037706458,0.351,0.227,4.01277595649646e-11
4,SHMT1,2.65474033461154e-15,0.329871478740579,0.795,0.734,4.24174410664232e-11
4,SUSD2,2.93664276416578e-15,0.301038965261605,0.247,0.134,4.69216780858408e-11
4,GLYCTK,3.00766968696283e-15,0.346741914788964,0.289,0.169,4.80565462582922e-11
4,TCEA3,4.10926514923559e-15,0.362235698481498,0.46,0.335,6.56578385544863e-11
4,NQO2,5.68780356902536e-15,0.258436463140402,0.798,0.739,9.08797254258872e-11
4,SERPINF2,9.25584627042531e-15,0.345514561962092,0.275,0.162,1.47889911708856e-10
4,RDH12,1.25965005452953e-14,0.28342077287805,0.175,0.082,2.01266885712728e-10
4,IQGAP2,1.30777766693884e-14,0.403074562572398,0.323,0.202,2.08956715623488e-10
4,ECHS1,2.15962364696231e-14,0.252920983549361,0.97,0.952,3.45064666311638e-10
4,TUBB4B,4.02720277852251e-14,0.344997789581083,0.632,0.527,6.43466459952326e-10
4,RGN,4.39524994919911e-14,0.391119772268059,0.667,0.597,7.02273036883033e-10
4,TMEM176B,4.78985792980825e-14,0.27205759970486,0.788,0.742,7.65323500024763e-10
4,TST,7.90831924109516e-14,0.365271982907952,0.704,0.642,1.26359124834219e-09
4,SLC44A4,1.23604515494112e-13,0.272770078678325,0.296,0.18,1.97495294856492e-09
4,EZR,1.36173169726117e-13,0.394354559948677,0.635,0.554,2.1757749058839e-09
4,SDHA,1.79054439371233e-13,0.297521899320368,0.507,0.388,2.86093183227356e-09
4,AHCY,1.86379867306441e-13,0.335057819426034,0.525,0.413,2.97797751982232e-09
4,G3BP2,4.08392665288131e-13,0.366147905612718,0.416,0.295,6.52529800597375e-09
4,ASPDH,4.12874149861345e-13,0.354964901601348,0.484,0.374,6.59690316648458e-09
4,HADHB,5.75476940484911e-13,0.376203756178564,0.57,0.478,9.19497055506791e-09
4,SLC28A1,6.376237398938e-13,0.252994190758916,0.305,0.188,1.01879521160231e-08
4,CLIC4,7.32325377203683e-13,0.310307978735121,0.674,0.58,1.17010948769604e-08
4,ECI2,9.24621979684286e-13,0.304695249143889,0.744,0.716,1.47736099913955e-08
4,GSTO1,9.97722907890991e-13,0.294789341366914,0.63,0.544,1.59416166222822e-08
4,ENOSF1,1.29824394249577e-12,0.322513461443824,0.335,0.217,2.07433417131975e-08
4,IDH3G,1.60385756147324e-12,0.373657427828987,0.421,0.308,2.56264361172195e-08
4,SLC6A13,1.76810689398633e-12,0.354336385077602,0.593,0.51,2.82508119521136e-08
4,MDH1,2.15194639206194e-12,0.294158555448256,0.786,0.738,3.43837994523657e-08
4,ACADVL,3.23790700288734e-12,0.345725133967885,0.596,0.53,5.1735278092134e-08
4,CHCHD10,3.8330778553738e-12,0.252465092340884,0.84,0.798,6.12449179731627e-08
4,JUNB,4.2554718848176e-12,0.294564355242338,0.212,0.117,6.79939297756155e-08
4,LINC00671,5.44416975401342e-12,0.31428195671713,0.346,0.233,8.69869443296264e-08
4,UQCRC1,5.61587292988058e-12,0.319935068414337,0.516,0.412,8.97304176736319e-08
4,MORN2,1.54080526758893e-11,0.366046984800479,0.482,0.391,2.4618986565536e-07
4,SLC22A2,1.62293245494485e-11,0.356284646489745,0.553,0.466,2.59312147651088e-07
4,ALDH8A1,1.75603002947792e-11,0.30399923182569,0.516,0.418,2.80578478109983e-07
4,BNIP3,5.58673737877387e-11,0.293216852815392,0.691,0.637,8.92648898380489e-07
4,FBP1,1.05566446305563e-10,0.275526072083749,0.844,0.812,1.68674067907029e-06
4,FARP1,1.32117277202448e-10,0.321261890566719,0.472,0.374,2.11096985514072e-06
4,SDHC,1.36534585121899e-10,0.297479367644862,0.686,0.643,2.18154960107771e-06
4,PIGR,1.570869033069e-10,0.274305713035252,0.482,0.377,2.50993454103764e-06
4,ALDH1L1,1.57892612085293e-10,0.312145906649744,0.621,0.56,2.52280815589882e-06
4,NCOA7,1.87277807590342e-10,0.30075963466439,0.36,0.257,2.99232480967849e-06
4,CTSC,2.60379465969007e-10,0.340288786622574,0.521,0.432,4.1603431072528e-06
4,TRAP1,3.04992401808793e-10,0.252256278500445,0.291,0.19,4.8731685961009e-06
4,HLA-DRB1,3.13997383438576e-10,0.30284955672723,0.396,0.293,5.01705019258157e-06
4,ACOT13,5.38078400022716e-10,0.284702753499906,0.626,0.547,8.59741667556296e-06
4,FUOM,7.18393721729121e-10,0.328116242669232,0.481,0.388,1.14784948857879e-05
4,EDF1,1.19080129560037e-09,0.274995301270629,0.746,0.722,1.90266231011027e-05
4,CEBPD,1.35797589241743e-09,0.353803366749196,0.43,0.332,2.16977388090457e-05
4,PTGR1,1.86868215309563e-09,0.286255249125556,0.518,0.437,2.9857803442162e-05
4,SLC39A4,2.11966239071255e-09,0.260171135664788,0.305,0.21,3.38679656788051e-05
4,GSS,2.3765705677062e-09,0.257176057727841,0.339,0.242,3.79728445308097e-05
4,DHRS4,2.70086690514105e-09,0.282671138516218,0.412,0.317,4.31544514103437e-05
4,SLC22A18,3.0997756845117e-09,0.254536408569593,0.389,0.291,4.95282158871279e-05
4,AGXT2,3.14157919140333e-09,0.276969501184683,0.635,0.556,5.01961523202424e-05
4,KRT8,4.79757746358021e-09,0.316597253623108,0.521,0.438,7.66556927130846e-05
4,RP11-397G17.1,5.21177480471365e-09,0.276490808424111,0.435,0.346,8.32737378297147e-05
4,VIL1,1.04122644603943e-08,0.277606083533971,0.209,0.128,0.000166367161548181
4,ECI1,1.77710254481716e-08,0.25765862506969,0.579,0.506,0.000283945444610887
4,PMPCB,1.83077971093092e-08,0.295942796205082,0.326,0.237,0.000292521982212543
4,RHOB,2.65642746566698e-08,0.284378514984412,0.5,0.397,0.000424443980464269
4,FH,2.94052531018312e-08,0.293562786128365,0.339,0.252,0.000469837134061059
4,HIBADH,5.53929655188626e-08,0.275807465156648,0.512,0.438,0.000885068803060386
4,HADHA,5.6155169804518e-08,0.252722026335022,0.468,0.382,0.000897247303136588
4,EPS8,7.48946841463243e-08,0.322121481018997,0.361,0.279,0.00119666726328997
4,PNP,8.00837655739956e-08,0.310681805937071,0.44,0.37,0.0012795784063413
4,CRYM,8.45244034712758e-08,0.29654332152742,0.463,0.389,0.00135053091866404
4,ATP1A1,9.48275907380473e-08,0.25467750279607,0.689,0.623,0.00151515524481252
4,SYNE2,1.15599164804296e-07,0.337578647276723,0.296,0.215,0.00184704345524305
4,SLC13A2,2.23285846323001e-07,0.256103334300897,0.235,0.162,0.00356766125254891
4,GHITM,2.58863064442404e-07,0.282359527338585,0.709,0.694,0.00413611404366072
4,MRPL16,2.93674891802336e-07,0.255319645740461,0.246,0.168,0.00469233742121772
4,JUN,5.52723948830655e-07,0.313812957785534,0.36,0.275,0.00883142325441621
4,SEPT11,5.64662138534036e-07,0.294637993461629,0.254,0.18,0.00902217164949683
4,GABARAPL1,1.34758872521672e-06,0.279112120143922,0.379,0.306,0.0215317726515127
4,EHHADH,3.82397031568093e-06,0.273678111840934,0.57,0.519,0.0610993977039499
4,NDUFV1,6.41023711431573e-06,0.272291817309631,0.589,0.556,0.102422768612537
4,ATP6V1B2,9.35779872130588e-06,0.265840970896587,0.43,0.379,0.149518907969025
4,ARID5B,1.22522475927247e-05,0.260183790126629,0.33,0.261,0.195766412036555
4,COX20,1.42611427980004e-05,0.2593565451893,0.449,0.384,0.227864539626451
4,HSD17B10,1.49264979533519e-05,0.252039517797215,0.474,0.421,0.238495584298657
4,HSP90B1,2.97620072316872e-05,0.261569182578683,0.458,0.405,0.475537351547897
4,SDHB,4.52803088106805e-05,0.253645716418024,0.509,0.469,0.723488774177053
4,SERPINA1,5.82373147558992e-05,0.407707347302798,0.491,0.461,0.930515815169757
4,RCAN1,0.00023116926522752,0.276882855487303,0.404,0.341,1
